bsim4 ,waveVsWave(?x (OP("/NM0" "gm") / 6.28 / OP("/NM0" "cgg")) ?y (OP("/NM0" "gm") / OP("/NM0" "ids"))) length 4.5e-08 ,bsim4 ,waveVsWave(?x (OP("/NM0" "gm") / 6.28 / OP("/NM0" "cgg")) ?y (OP("/NM0" "gm") / OP("/NM0" "ids"))) length 9e-08 ,bsim4 ,waveVsWave(?x (OP("/NM0" "gm") / 6.28 / OP("/NM0" "cgg")) ?y (OP("/NM0" "gm") / OP("/NM0" "ids"))) length 1.35e-07 ,bsim4 ,waveVsWave(?x (OP("/NM0" "gm") / 6.28 / OP("/NM0" "cgg")) ?y (OP("/NM0" "gm") / OP("/NM0" "ids"))) length 1.8e-07 ,bsim4 ,waveVsWave(?x (OP("/NM0" "gm") / 6.28 / OP("/NM0" "cgg")) ?y (OP("/NM0" "gm") / OP("/NM0" "ids"))) length 2.25e-07 ,bsim4 ,waveVsWave(?x (OP("/NM0" "gm") / 6.28 / OP("/NM0" "cgg")) ?y (OP("/NM0" "gm") / OP("/NM0" "ids"))) length 2.7e-07 ,bsim4 ,waveVsWave(?x (OP("/NM0" "gm") / 6.28 / OP("/NM0" "cgg")) ?y (OP("/NM0" "gm") / OP("/NM0" "ids"))) length 3.15e-07 ,bsim4 ,waveVsWave(?x (OP("/NM0" "gm") / 6.28 / OP("/NM0" "cgg")) ?y (OP("/NM0" "gm") / OP("/NM0" "ids"))) length 3.6e-07 ,bsim4 ,waveVsWave(?x (OP("/NM0" "gm") / 6.28 / OP("/NM0" "cgg")) ?y (OP("/NM0" "gm") / OP("/NM0" "ids"))) length 4.05e-07 ,bsim4 ,waveVsWave(?x (OP("/NM0" "gm") / 6.28 / OP("/NM0" "cgg")) ?y (OP("/NM0" "gm") / OP("/NM0" "ids"))) length 4.5e-07 ,bsim4 ,waveVsWave(?x (OP("/NM0" "gm") / 6.28 / OP("/NM0" "cgg")) ?y (OP("/NM0" "gm") / OP("/NM0" "ids"))) length 4.95e-07 ,bsim4 ,waveVsWave(?x (OP("/NM0" "gm") / 6.28 / OP("/NM0" "cgg")) ?y (OP("/NM0" "gm") / OP("/NM0" "ids"))) length 5.4e-07 ,bsim4 ,waveVsWave(?x (OP("/NM0" "gm") / 6.28 / OP("/NM0" "cgg")) ?y (OP("/NM0" "gm") / OP("/NM0" "ids"))) length 5.85e-07 ,bsim4 ,waveVsWave(?x (OP("/NM0" "gm") / 6.28 / OP("/NM0" "cgg")) ?y (OP("/NM0" "gm") / OP("/NM0" "ids"))) length 6.3e-07 ,bsim4 ,waveVsWave(?x (OP("/NM0" "gm") / 6.28 / OP("/NM0" "cgg")) ?y (OP("/NM0" "gm") / OP("/NM0" "ids"))) length 6.75e-07 ,bsim4 ,waveVsWave(?x (OP("/NM0" "gm") / 6.28 / OP("/NM0" "cgg")) ?y (OP("/NM0" "gm") / OP("/NM0" "ids"))) length 7.2e-07 
141.7E3,29.75,95.36E3,32.52,102.0E3,33.06,107.3E3,33.24,110.1E3,33.35,110.6E3,33.41,109.4E3,33.46,107.0E3,33.49,104.0E3,33.51,100.5E3,33.53,96.84E3,33.54,92.55E3,33.58,88.36E3,33.62,84.37E3,33.65,80.58E3,33.67,76.99E3,33.69
191.0E3,29.74,132.4E3,32.52,142.5E3,33.05,150.2E3,33.23,154.2E3,33.33,154.9E3,33.40,153.3E3,33.44,150.0E3,33.47,145.7E3,33.49,140.8E3,33.50,135.6E3,33.52,129.6E3,33.55,123.7E3,33.59,118.1E3,33.62,112.8E3,33.64,107.7E3,33.66
257.6E3,29.74,183.7E3,32.51,198.9E3,33.04,210.1E3,33.21,215.9E3,33.31,216.9E3,33.38,214.6E3,33.42,209.9E3,33.44,203.8E3,33.46,196.8E3,33.48,189.5E3,33.48,181.0E3,33.52,172.8E3,33.55,164.9E3,33.58,157.4E3,33.60,150.3E3,33.62
347.3E3,29.73,254.9E3,32.50,277.5E3,33.02,293.7E3,33.20,302.0E3,33.29,303.4E3,33.35,300.0E3,33.39,293.3E3,33.41,284.6E3,33.43,274.7E3,33.44,264.2E3,33.45,252.3E3,33.48,240.7E3,33.51,229.6E3,33.54,219.1E3,33.56,209.1E3,33.57
468.1E3,29.72,353.6E3,32.48,387.1E3,33.01,410.3E3,33.18,421.9E3,33.27,423.9E3,33.32,418.8E3,33.36,409.1E3,33.38,396.6E3,33.39,382.4E3,33.40,367.4E3,33.40,350.7E3,33.43,334.3E3,33.46,318.8E3,33.48,304.0E3,33.50,290.0E3,33.52
630.8E3,29.71,490.4E3,32.47,539.7E3,32.99,572.6E3,33.15,588.9E3,33.24,591.2E3,33.29,583.5E3,33.32,569.4E3,33.34,551.3E3,33.35,530.9E3,33.35,509.5E3,33.35,485.8E3,33.38,462.9E3,33.40,440.9E3,33.42,420.2E3,33.44,400.5E3,33.45
849.9E3,29.69,679.7E3,32.45,751.9E3,32.96,798.4E3,33.12,820.7E3,33.20,823.0E3,33.25,811.3E3,33.27,790.4E3,33.29,764.1E3,33.29,734.7E3,33.29,704.0E3,33.29,670.6E3,33.31,638.3E3,33.33,607.5E3,33.35,578.3E3,33.36,550.7E3,33.37
1.145E6,29.68,941.8E3,32.43,1.047E6,32.94,1.112E6,33.09,1.142E6,33.16,1.143E6,33.20,1.125E6,33.22,1.094E6,33.23,1.055E6,33.23,1.013E6,33.22,968.9E3,33.22,921.8E3,33.23,876.2E3,33.25,832.9E3,33.26,792.0E3,33.27,753.4E3,33.28
1.541E6,29.66,1.304E6,32.40,1.456E6,32.90,1.546E6,33.05,1.585E6,33.11,1.584E6,33.14,1.555E6,33.16,1.509E6,33.16,1.452E6,33.15,1.391E6,33.14,1.328E6,33.13,1.261E6,33.14,1.197E6,33.15,1.136E6,33.16,1.079E6,33.17,1.025E6,33.17
2.075E6,29.63,1.805E6,32.37,2.022E6,32.86,2.145E6,33.00,2.196E6,33.06,2.188E6,33.08,2.143E6,33.08,2.073E6,33.07,1.990E6,33.05,1.901E6,33.04,1.810E6,33.01,1.716E6,33.02,1.626E6,33.03,1.541E6,33.03,1.461E6,33.03,1.386E6,33.02
2.791E6,29.61,2.495E6,32.33,2.804E6,32.81,2.971E6,32.93,3.032E6,32.97,3.012E6,32.98,2.939E6,32.97,2.834E6,32.95,2.712E6,32.92,2.583E6,32.90,2.453E6,32.87,2.321E6,32.87,2.195E6,32.87,2.077E6,32.86,1.966E6,32.86,1.862E6,32.85
3.753E6,29.58,3.446E6,32.29,3.881E6,32.74,4.102E6,32.84,4.172E6,32.86,4.128E6,32.86,4.012E6,32.84,3.854E6,32.81,3.676E6,32.77,3.490E6,32.74,3.304E6,32.70,3.119E6,32.70,2.944E6,32.69,2.780E6,32.68,2.627E6,32.66,2.484E6,32.65
5.043E6,29.54,4.752E6,32.21,5.360E6,32.64,5.647E6,32.73,5.717E6,32.74,5.631E6,32.72,5.448E6,32.69,5.212E6,32.65,4.952E6,32.60,4.684E6,32.56,4.421E6,32.51,4.163E6,32.50,3.921E6,32.48,3.695E6,32.46,3.484E6,32.44,3.289E6,32.42
6.773E6,29.50,6.542E6,32.13,7.382E6,32.54,7.745E6,32.61,7.801E6,32.61,7.643E6,32.57,7.357E6,32.52,7.006E6,32.47,6.628E6,32.41,6.246E6,32.35,5.876E6,32.30,5.518E6,32.27,5.184E6,32.24,4.874E6,32.22,4.588E6,32.19,4.323E6,32.16
9.087E6,29.45,8.990E6,32.03,10.14E6,32.42,10.58E6,32.47,10.59E6,32.45,10.31E6,32.39,9.873E6,32.33,9.354E6,32.26,8.810E6,32.19,8.270E6,32.12,7.752E6,32.05,7.260E6,32.01,6.804E6,31.98,6.383E6,31.94,5.995E6,31.90,5.639E6,31.86
12.17E6,29.37,12.33E6,31.93,13.88E6,32.29,14.39E6,32.31,14.30E6,32.27,13.83E6,32.19,13.16E6,32.11,12.40E6,32.02,11.63E6,31.93,10.87E6,31.85,10.15E6,31.77,9.480E6,31.72,8.861E6,31.67,8.294E6,31.62,7.774E6,31.58,7.299E6,31.53
16.28E6,29.28,16.86E6,31.80,18.92E6,32.14,19.47E6,32.13,19.20E6,32.06,18.43E6,31.96,17.42E6,31.86,16.33E6,31.75,15.23E6,31.65,14.18E6,31.55,13.19E6,31.46,12.28E6,31.39,11.45E6,31.33,10.69E6,31.27,10.00E6,31.21,9.374E6,31.16
21.75E6,29.18,23.00E6,31.66,25.68E6,31.96,26.19E6,31.93,25.60E6,31.83,24.39E6,31.70,22.90E6,31.57,21.33E6,31.45,19.80E6,31.32,18.35E6,31.21,17.01E6,31.10,15.80E6,31.02,14.69E6,30.95,13.68E6,30.88,12.77E6,30.81,11.95E6,30.74
29.00E6,29.07,31.26E6,31.50,34.69E6,31.76,35.03E6,31.69,33.91E6,31.56,32.03E6,31.41,29.86E6,31.25,27.65E6,31.10,25.54E6,30.96,23.57E6,30.83,21.77E6,30.71,20.15E6,30.61,18.69E6,30.52,17.38E6,30.44,16.19E6,30.36,15.11E6,30.28
38.60E6,28.94,42.34E6,31.32,46.60E6,31.54,46.53E6,31.42,44.58E6,31.26,41.75E6,31.07,38.64E6,30.89,35.57E6,30.72,32.68E6,30.56,30.04E6,30.41,27.65E6,30.27,25.52E6,30.16,23.61E6,30.06,21.90E6,29.96,20.36E6,29.87,18.97E6,29.78
51.25E6,28.80,57.10E6,31.11,62.23E6,31.28,61.38E6,31.12,58.17E6,30.91,53.98E6,30.70,49.59E6,30.49,45.38E6,30.29,41.50E6,30.11,37.99E6,29.94,34.84E6,29.79,32.07E6,29.67,29.60E6,29.55,27.39E6,29.44,25.41E6,29.34,23.64E6,29.24
67.88E6,28.64,76.63E6,30.88,82.55E6,30.98,80.34E6,30.78,75.28E6,30.53,69.23E6,30.28,63.14E6,30.04,57.44E6,29.82,52.28E6,29.62,47.67E6,29.44,43.58E6,29.27,40.00E6,29.13,36.83E6,29.01,34.01E6,28.89,31.50E6,28.78,29.25E6,28.67
89.64E6,28.46,102.3E6,30.61,108.7E6,30.65,104.3E6,30.40,96.63E6,30.11,88.05E6,29.82,79.74E6,29.55,72.13E6,29.31,65.35E6,29.09,59.36E6,28.90,54.10E6,28.72,49.53E6,28.57,45.50E6,28.43,41.94E6,28.30,38.77E6,28.18,35.95E6,28.07
118.0E6,28.25,135.7E6,30.30,142.1E6,30.27,134.3E6,29.97,123.0E6,29.64,111.1E6,29.32,99.89E6,29.03,89.88E6,28.76,81.07E6,28.53,73.39E6,28.32,66.69E6,28.13,60.91E6,27.97,55.83E6,27.82,51.37E6,27.68,47.42E6,27.56,43.91E6,27.44
154.7E6,28.02,178.9E6,29.96,184.2E6,29.86,171.5E6,29.50,155.2E6,29.12,138.9E6,28.77,124.1E6,28.46,111.1E6,28.18,99.84E6,27.93,90.09E6,27.71,81.65E6,27.52,74.40E6,27.35,68.07E6,27.19,62.52E6,27.05,57.62E6,26.92,53.29E6,26.80
202.1E6,27.77,234.1E6,29.58,236.7E6,29.40,217.0E6,28.99,194.2E6,28.57,172.4E6,28.19,153.1E6,27.86,136.4E6,27.57,122.1E6,27.31,109.8E6,27.08,99.33E6,26.88,90.31E6,26.71,82.49E6,26.55,75.64E6,26.40,69.62E6,26.27,64.31E6,26.15
262.7E6,27.48,303.9E6,29.15,301.4E6,28.89,272.2E6,28.43,240.9E6,27.98,212.2E6,27.58,187.4E6,27.23,166.2E6,26.93,148.3E6,26.67,133.1E6,26.44,120.1E6,26.24,109.0E6,26.06,99.38E6,25.90,91.01E6,25.75,83.66E6,25.62,77.19E6,25.49
339.8E6,27.16,391.3E6,28.67,380.3E6,28.34,338.3E6,27.84,296.3E6,27.36,259.2E6,26.94,227.7E6,26.59,201.3E6,26.28,179.1E6,26.02,160.3E6,25.79,144.4E6,25.59,130.8E6,25.41,119.1E6,25.24,108.9E6,25.10,100.0E6,24.96,92.20E6,24.84
437.0E6,26.80,499.2E6,28.16,475.3E6,27.75,416.9E6,27.21,361.7E6,26.71,314.4E6,26.29,274.9E6,25.93,242.2E6,25.62,214.9E6,25.36,192.0E6,25.14,172.7E6,24.94,156.2E6,24.76,142.0E6,24.59,129.7E6,24.45,119.0E6,24.31,109.6E6,24.19
558.6E6,26.41,630.9E6,27.60,588.6E6,27.12,509.4E6,26.56,438.2E6,26.05,378.7E6,25.63,329.9E6,25.27,289.8E6,24.97,256.6E6,24.71,228.8E6,24.49,205.5E6,24.29,185.6E6,24.11,168.6E6,23.95,153.8E6,23.80,141.0E6,23.67,129.7E6,23.55
709.1E6,25.98,789.7E6,27.00,722.2E6,26.47,617.5E6,25.89,527.1E6,25.38,453.3E6,24.96,393.5E6,24.61,344.8E6,24.31,304.7E6,24.06,271.4E6,23.84,243.4E6,23.65,219.6E6,23.47,199.2E6,23.31,181.6E6,23.17,166.2E6,23.03,152.8E6,22.91
893.8E6,25.52,978.8E6,26.36,878.3E6,25.80,742.8E6,25.21,630.0E6,24.71,539.5E6,24.30,467.0E6,23.96,408.3E6,23.67,360.3E6,23.42,320.4E6,23.21,287.0E6,23.02,258.6E6,22.84,234.3E6,22.68,213.4E6,22.54,195.1E6,22.40,179.2E6,22.28
1.118E9,25.02,1.202E9,25.70,1.059E9,25.11,887.4E6,24.54,748.4E6,24.05,638.7E6,23.65,551.5E6,23.31,481.3E6,23.03,424.0E6,22.79,376.6E6,22.58,336.9E6,22.39,303.2E6,22.22,274.4E6,22.05,249.6E6,21.91,228.0E6,21.77,209.2E6,21.65
1.388E9,24.50,1.461E9,25.02,1.267E9,24.42,1.053E9,23.87,884.4E6,23.39,752.5E6,23.01,648.3E6,22.68,564.7E6,22.40,496.7E6,22.17,440.6E6,21.96,393.7E6,21.77,353.8E6,21.59,319.8E6,21.43,290.6E6,21.28,265.2E6,21.14,243.1E6,21.02
1.708E9,23.94,1.760E9,24.34,1.506E9,23.74,1.243E9,23.21,1.040E9,22.76,882.4E6,22.38,758.7E6,22.06,659.8E6,21.79,579.4E6,21.55,513.2E6,21.34,458.0E6,21.15,411.0E6,20.97,371.0E6,20.80,336.7E6,20.65,307.0E6,20.51,281.1E6,20.38
2.084E9,23.36,2.103E9,23.65,1.777E9,23.08,1.460E9,22.57,1.217E9,22.13,1.030E9,21.77,884.0E6,21.45,767.3E6,21.18,672.7E6,20.93,595.0E6,20.72,530.2E6,20.53,475.1E6,20.34,428.3E6,20.18,388.1E6,20.02,353.4E6,19.88,323.3E6,19.75
2.522E9,22.77,2.492E9,22.97,2.086E9,22.43,1.706E9,21.95,1.418E9,21.53,1.198E9,21.16,1.026E9,20.85,888.4E6,20.57,777.5E6,20.32,686.4E6,20.10,610.7E6,19.91,546.4E6,19.72,491.8E6,19.55,445.0E6,19.39,404.8E6,19.24,369.8E6,19.11
3.027E9,22.17,2.933E9,22.31,2.436E9,21.81,1.985E9,21.35,1.646E9,20.94,1.387E9,20.57,1.184E9,20.25,1.024E9,19.96,894.1E6,19.71,787.9E6,19.48,699.8E6,19.28,625.0E6,19.09,561.6E6,18.91,507.5E6,18.75,460.9E6,18.60,420.6E6,18.47
3.604E9,21.56,3.431E9,21.68,2.832E9,21.22,2.301E9,20.77,1.902E9,20.36,1.598E9,19.98,1.361E9,19.65,1.174E9,19.35,1.023E9,19.09,899.6E6,18.86,797.6E6,18.65,711.0E6,18.46,637.9E6,18.28,575.5E6,18.11,522.0E6,17.96,475.6E6,17.82
4.258E9,20.96,3.992E9,21.07,3.279E9,20.65,2.657E9,20.21,2.189E9,19.78,1.834E9,19.39,1.557E9,19.05,1.339E9,18.74,1.164E9,18.48,1.022E9,18.24,903.9E6,18.03,804.3E6,17.82,720.3E6,17.64,648.8E6,17.47,587.6E6,17.32,534.7E6,17.18
4.995E9,20.38,4.624E9,20.50,3.783E9,20.10,3.055E9,19.66,2.509E9,19.21,2.094E9,18.81,1.772E9,18.45,1.520E9,18.13,1.317E9,17.86,1.153E9,17.61,1.019E9,17.40,904.6E6,17.19,808.6E6,17.01,727.2E6,16.84,657.6E6,16.69,597.6E6,16.55
5.822E9,19.81,5.334E9,19.97,4.350E9,19.58,3.500E9,19.11,2.862E9,18.65,2.379E9,18.22,2.006E9,17.85,1.715E9,17.52,1.483E9,17.24,1.295E9,16.99,1.141E9,16.77,1.011E9,16.56,902.5E6,16.38,810.4E6,16.21,731.7E6,16.05,664.1E6,15.91
6.746E9,19.27,6.133E9,19.47,4.984E9,19.07,3.992E9,18.57,3.249E9,18.08,2.688E9,17.63,2.259E9,17.24,1.924E9,16.91,1.659E9,16.62,1.445E9,16.36,1.271E9,16.14,1.124E9,15.94,1.001E9,15.75,897.8E6,15.58,809.5E6,15.43,733.7E6,15.29
7.776E9,18.76,7.031E9,19.00,5.691E9,18.57,4.534E9,18.03,3.670E9,17.51,3.022E9,17.04,2.529E9,16.64,2.147E9,16.29,1.846E9,16.00,1.604E9,15.75,1.408E9,15.53,1.243E9,15.32,1.105E9,15.14,989.1E6,14.97,890.5E6,14.82,806.1E6,14.69
8.925E9,18.29,8.039E9,18.55,6.474E9,18.08,5.125E9,17.49,4.123E9,16.93,3.378E9,16.44,2.815E9,16.03,2.381E9,15.69,2.041E9,15.39,1.770E9,15.14,1.550E9,14.92,1.366E9,14.72,1.212E9,14.54,1.084E9,14.37,974.4E6,14.23,880.9E6,14.09
10.21E9,17.85,9.166E9,18.12,7.336E9,17.58,5.765E9,16.94,4.608E9,16.35,3.755E9,15.85,3.116E9,15.43,2.627E9,15.08,2.245E9,14.79,1.942E9,14.54,1.698E9,14.32,1.493E9,14.13,1.323E9,13.95,1.181E9,13.79,1.061E9,13.65,957.7E6,13.52
11.63E9,17.44,10.42E9,17.70,8.277E9,17.09,6.452E9,16.39,5.121E9,15.78,4.151E9,15.26,3.429E9,14.84,2.881E9,14.49,2.456E9,14.20,2.120E9,13.96,1.850E9,13.75,1.624E9,13.55,1.437E9,13.38,1.281E9,13.23,1.149E9,13.09,1.036E9,12.96
13.22E9,17.07,11.82E9,17.30,9.297E9,16.59,7.181E9,15.84,5.660E9,15.20,4.562E9,14.68,3.753E9,14.25,3.143E9,13.91,2.672E9,13.63,2.302E9,13.39,2.005E9,13.18,1.757E9,13.00,1.553E9,12.83,1.382E9,12.68,1.238E9,12.55,1.116E9,12.43
15.00E9,16.72,13.36E9,16.89,10.39E9,16.08,7.950E9,15.28,6.220E9,14.62,4.986E9,14.10,4.086E9,13.68,3.411E9,13.34,2.893E9,13.07,2.487E9,12.84,2.163E9,12.64,1.893E9,12.46,1.670E9,12.30,1.485E9,12.16,1.329E9,12.03,1.196E9,11.92
16.98E9,16.41,15.04E9,16.47,11.56E9,15.56,8.752E9,14.73,6.798E9,14.06,5.421E9,13.53,4.424E9,13.12,3.683E9,12.79,3.117E9,12.53,2.674E9,12.31,2.322E9,12.12,2.030E9,11.95,1.789E9,11.80,1.589E9,11.66,1.420E9,11.54,1.278E9,11.43
19.19E9,16.11,16.87E9,16.05,12.78E9,15.04,9.582E9,14.17,7.389E9,13.50,5.863E9,12.98,4.767E9,12.58,3.958E9,12.26,3.342E9,12.01,2.864E9,11.80,2.483E9,11.62,2.168E9,11.46,1.908E9,11.31,1.693E9,11.18,1.512E9,11.07,1.359E9,10.96
21.64E9,15.84,18.85E9,15.62,14.06E9,14.52,10.43E9,13.62,7.990E9,12.95,6.309E9,12.44,5.113E9,12.06,4.234E9,11.75,3.569E9,11.51,3.053E9,11.31,2.645E9,11.14,2.306E9,10.99,2.028E9,10.85,1.797E9,10.73,1.604E9,10.62,1.441E9,10.52
24.37E9,15.57,20.96E9,15.18,15.39E9,13.99,11.30E9,13.08,8.595E9,12.42,6.757E9,11.93,5.459E9,11.55,4.510E9,11.26,3.796E9,11.03,3.243E9,10.84,2.807E9,10.69,2.445E9,10.54,2.148E9,10.41,1.902E9,10.30,1.696E9,10.19,1.523E9,10.10
27.39E9,15.31,23.19E9,14.72,16.75E9,13.46,12.17E9,12.55,9.202E9,11.90,7.204E9,11.43,5.804E9,11.07,4.786E9,10.80,4.022E9,10.58,3.433E9,10.40,2.968E9,10.26,2.583E9,10.12,2.267E9,9.994,2.006E9,9.885,1.788E9,9.788,1.604E9,9.700
30.71E9,15.06,25.52E9,14.26,18.13E9,12.94,13.05E9,12.03,9.807E9,11.40,7.649E9,10.95,6.147E9,10.61,5.060E9,10.35,4.246E9,10.14,3.621E9,9.980,3.129E9,9.845,2.720E9,9.714,2.386E9,9.599,2.110E9,9.496,1.880E9,9.405,1.685E9,9.323
34.36E9,14.79,27.95E9,13.78,19.52E9,12.42,13.92E9,11.53,10.41E9,10.92,8.090E9,10.49,6.486E9,10.17,5.331E9,9.924,4.469E9,9.733,3.808E9,9.580,3.288E9,9.455,2.857E9,9.333,2.504E9,9.224,2.213E9,9.128,1.971E9,9.043,1.766E9,8.966
38.33E9,14.53,30.44E9,13.30,20.91E9,11.92,14.79E9,11.04,11.00E9,10.46,8.524E9,10.05,6.821E9,9.747,5.599E9,9.520,4.689E9,9.343,3.993E9,9.201,3.447E9,9.086,2.992E9,8.972,2.621E9,8.870,2.316E9,8.780,2.061E9,8.700,1.846E9,8.628
42.64E9,14.25,32.97E9,12.81,22.29E9,11.42,15.64E9,10.57,11.58E9,10.02,8.951E9,9.629,7.151E9,9.349,5.863E9,9.137,4.907E9,8.973,4.176E9,8.842,3.603E9,8.736,3.127E9,8.630,2.738E9,8.535,2.417E9,8.450,2.150E9,8.376,1.926E9,8.308
47.26E9,13.95,35.53E9,12.33,23.66E9,10.94,16.48E9,10.12,12.15E9,9.596,9.370E9,9.232,7.475E9,8.971,6.122E9,8.774,5.121E9,8.623,4.357E9,8.503,3.758E9,8.405,3.260E9,8.306,2.853E9,8.217,2.518E9,8.139,2.239E9,8.069,2.004E9,8.006
52.19E9,13.64,38.09E9,11.84,24.99E9,10.48,17.29E9,9.695,12.71E9,9.196,9.780E9,8.856,7.792E9,8.612,6.378E9,8.431,5.332E9,8.291,4.535E9,8.181,3.911E9,8.092,3.391E9,8.000,2.966E9,7.917,2.617E9,7.844,2.326E9,7.778,2.082E9,7.720
57.40E9,13.32,40.63E9,11.37,26.30E9,10.03,18.09E9,9.285,13.25E9,8.816,10.18E9,8.498,8.103E9,8.273,6.628E9,8.105,5.539E9,7.977,4.710E9,7.877,4.062E9,7.796,3.520E9,7.710,3.078E9,7.633,2.715E9,7.565,2.413E9,7.504,2.159E9,7.448
62.85E9,12.98,43.12E9,10.90,27.56E9,9.602,18.86E9,8.895,13.78E9,8.455,10.57E9,8.160,8.406E9,7.951,6.873E9,7.797,5.742E9,7.680,4.882E9,7.589,4.210E9,7.515,3.647E9,7.436,3.189E9,7.364,2.811E9,7.300,2.498E9,7.243,2.234E9,7.192
68.52E9,12.62,45.56E9,10.44,28.79E9,9.192,19.60E9,8.524,14.29E9,8.113,10.95E9,7.840,8.702E9,7.647,7.112E9,7.506,5.941E9,7.399,5.051E9,7.316,4.356E9,7.250,3.773E9,7.176,3.297E9,7.109,2.906E9,7.049,2.582E9,6.996,2.309E9,6.948
74.34E9,12.25,47.93E9,10.00,29.96E9,8.800,20.32E9,8.172,14.79E9,7.789,11.32E9,7.536,8.989E9,7.359,7.345E9,7.230,6.136E9,7.132,5.217E9,7.057,4.499E9,6.997,3.896E9,6.929,3.404E9,6.866,3.000E9,6.811,2.664E9,6.761,2.382E9,6.716
80.27E9,11.87,50.21E9,9.575,31.09E9,8.428,21.01E9,7.839,15.26E9,7.483,11.67E9,7.249,9.269E9,7.086,7.573E9,6.968,6.326E9,6.880,5.378E9,6.812,4.639E9,6.758,4.016E9,6.694,3.508E9,6.636,3.091E9,6.584,2.744E9,6.537,2.453E9,6.495
86.26E9,11.49,52.37E9,9.157,32.16E9,8.069,21.67E9,7.523,15.72E9,7.193,12.02E9,6.977,9.540E9,6.828,7.794E9,6.720,6.511E9,6.640,5.536E9,6.578,4.776E9,6.530,4.134E9,6.471,3.610E9,6.417,3.180E9,6.368,2.823E9,6.324,2.523E9,6.285
92.25E9,11.09,54.45E9,8.763,33.19E9,7.733,22.30E9,7.220,16.17E9,6.918,12.35E9,6.719,9.803E9,6.583,8.009E9,6.485,6.691E9,6.412,5.690E9,6.357,4.910E9,6.314,4.249E9,6.258,3.709E9,6.207,3.267E9,6.162,2.900E9,6.121,2.591E9,6.084
98.09E9,10.68,56.44E9,8.386,34.17E9,7.414,22.91E9,6.937,16.59E9,6.655,12.67E9,6.475,10.06E9,6.350,8.217E9,6.261,6.866E9,6.195,5.840E9,6.145,5.039E9,6.107,4.360E9,6.055,3.806E9,6.007,3.351E9,5.964,2.974E9,5.926,2.656E9,5.891
103.9E9,10.29,58.32E9,8.027,35.10E9,7.113,23.49E9,6.669,16.99E9,6.408,12.98E9,6.241,10.30E9,6.129,8.418E9,6.048,7.034E9,5.989,5.984E9,5.944,5.164E9,5.909,4.467E9,5.861,3.899E9,5.815,3.432E9,5.775,3.045E9,5.739,2.719E9,5.705
109.6E9,9.894,60.09E9,7.685,35.98E9,6.827,24.04E9,6.415,17.38E9,6.174,13.27E9,6.021,10.53E9,5.917,8.611E9,5.845,7.197E9,5.791,6.123E9,5.751,5.285E9,5.719,4.570E9,5.674,3.987E9,5.631,3.510E9,5.593,3.113E9,5.558,2.780E9,5.526
115.1E9,9.505,61.76E9,7.360,36.81E9,6.556,24.56E9,6.174,17.76E9,5.952,13.55E9,5.812,10.76E9,5.717,8.794E9,5.650,7.353E9,5.603,6.256E9,5.566,5.399E9,5.537,4.668E9,5.494,4.072E9,5.453,3.583E9,5.417,3.177E9,5.383,2.836E9,5.353
120.3E9,9.125,63.31E9,7.052,37.59E9,6.300,25.06E9,5.946,18.11E9,5.742,13.83E9,5.612,10.98E9,5.526,8.971E9,5.465,7.501E9,5.422,6.382E9,5.388,5.508E9,5.361,4.761E9,5.320,4.151E9,5.281,3.651E9,5.246,3.237E9,5.214,2.889E9,5.185
125.3E9,8.753,64.77E9,6.760,38.33E9,6.057,25.53E9,5.730,18.45E9,5.541,14.08E9,5.423,11.18E9,5.343,9.138E9,5.287,7.638E9,5.246,6.500E9,5.216,5.609E9,5.190,4.846E9,5.151,4.224E9,5.113,3.715E9,5.079,3.292E9,5.048,2.937E9,5.020
130.0E9,8.392,66.12E9,6.483,39.02E9,5.828,25.97E9,5.524,18.76E9,5.351,14.32E9,5.242,11.37E9,5.168,9.296E9,5.117,7.769E9,5.078,6.608E9,5.048,5.702E9,5.024,4.925E9,4.986,4.291E9,4.950,3.772E9,4.917,3.341E9,4.887,2.980E9,4.859
134.5E9,8.043,67.38E9,6.221,39.66E9,5.610,26.39E9,5.329,19.06E9,5.169,14.55E9,5.068,11.55E9,5.001,9.443E9,4.952,7.890E9,4.916,6.709E9,4.886,5.785E9,4.861,4.995E9,4.825,4.350E9,4.789,3.822E9,4.757,3.385E9,4.728,3.018E9,4.701
138.6E9,7.707,68.54E9,5.973,40.26E9,5.403,26.78E9,5.143,19.34E9,4.995,14.77E9,4.903,11.72E9,4.839,9.578E9,4.794,8.000E9,4.758,6.799E9,4.729,5.859E9,4.703,5.055E9,4.666,4.402E9,4.632,3.865E9,4.600,3.421E9,4.572,3.049E9,4.545
142.5E9,7.385,69.61E9,5.738,40.82E9,5.208,27.14E9,4.967,19.60E9,4.830,14.96E9,4.743,11.88E9,4.684,9.700E9,4.640,8.098E9,4.605,6.878E9,4.575,5.923E9,4.548,5.106E9,4.511,4.442E9,4.476,3.901E9,4.446,3.451E9,4.418,3.074E9,4.392
146.0E9,7.075,70.59E9,5.516,41.33E9,5.021,27.47E9,4.798,19.84E9,4.671,15.14E9,4.590,12.01E9,4.534,9.808E9,4.491,8.183E9,4.455,6.944E9,4.424,5.974E9,4.395,5.148E9,4.358,4.476E9,4.324,3.927E9,4.293,3.474E9,4.267,3.093E9,4.241
149.3E9,6.780,71.49E9,5.306,41.81E9,4.845,27.78E9,4.637,20.06E9,4.519,15.31E9,4.442,12.14E9,4.388,9.901E9,4.345,8.254E9,4.309,6.998E9,4.276,6.015E9,4.246,5.179E9,4.209,4.500E9,4.175,3.946E9,4.145,3.488E9,4.117,3.106E9,4.094
152.3E9,6.499,72.30E9,5.106,42.24E9,4.676,28.06E9,4.483,20.26E9,4.372,15.45E9,4.300,12.24E9,4.247,9.979E9,4.204,8.310E9,4.166,7.038E9,4.132,6.043E9,4.099,5.199E9,4.062,4.515E9,4.029,3.957E9,3.999,3.497E9,3.972,3.113E9,3.949
155.0E9,6.231,73.04E9,4.917,42.63E9,4.516,28.32E9,4.336,20.43E9,4.231,15.57E9,4.162,12.33E9,4.109,10.04E9,4.065,8.352E9,4.026,7.065E9,3.990,6.060E9,3.956,5.210E9,3.919,4.522E9,3.886,3.962E9,3.857,3.499E9,3.831,3.113E9,3.807
157.4E9,5.976,73.71E9,4.738,42.98E9,4.363,28.54E9,4.195,20.58E9,4.095,15.67E9,4.028,12.40E9,3.975,10.08E9,3.930,8.378E9,3.889,7.080E9,3.851,6.066E9,3.816,5.212E9,3.780,4.522E9,3.748,3.959E9,3.719,3.496E9,3.694,3.109E9,3.671
159.6E9,5.734,74.30E9,4.568,43.29E9,4.217,28.73E9,4.059,20.71E9,3.964,15.76E9,3.897,12.45E9,3.844,10.11E9,3.798,8.391E9,3.756,7.082E9,3.716,6.062E9,3.680,5.205E9,3.645,4.514E9,3.613,3.951E9,3.586,3.487E9,3.561,3.100E9,3.540
161.5E9,5.504,74.82E9,4.407,43.56E9,4.078,28.90E9,3.928,20.81E9,3.837,15.82E9,3.771,12.48E9,3.717,10.12E9,3.669,8.390E9,3.625,7.074E9,3.585,6.048E9,3.548,5.191E9,3.514,4.500E9,3.484,3.937E9,3.457,3.474E9,3.434,3.088E9,3.413
163.3E9,5.287,75.28E9,4.253,43.79E9,3.944,29.03E9,3.803,20.89E9,3.714,15.85E9,3.648,12.49E9,3.592,10.12E9,3.543,8.376E9,3.499,7.055E9,3.458,6.027E9,3.421,5.170E9,3.388,4.480E9,3.359,3.919E9,3.333,3.457E9,3.311,3.072E9,3.291
164.8E9,5.080,75.68E9,4.107,43.99E9,3.816,29.14E9,3.681,20.93E9,3.594,15.87E9,3.528,12.48E9,3.471,10.10E9,3.422,8.351E9,3.377,7.027E9,3.336,5.999E9,3.299,5.144E9,3.267,4.456E9,3.239,3.897E9,3.215,3.436E9,3.193,3.053E9,3.174
166.1E9,4.884,76.01E9,3.968,44.14E9,3.694,29.21E9,3.564,20.96E9,3.478,15.86E9,3.411,12.46E9,3.354,10.07E9,3.304,8.316E9,3.258,6.991E9,3.218,5.964E9,3.182,5.112E9,3.151,4.427E9,3.124,3.870E9,3.101,3.413E9,3.081,3.031E9,3.063
167.2E9,4.699,76.28E9,3.836,44.25E9,3.576,29.25E9,3.451,20.95E9,3.365,15.83E9,3.298,12.42E9,3.240,10.02E9,3.189,8.271E9,3.145,6.948E9,3.105,5.924E9,3.069,5.076E9,3.040,4.394E9,3.014,3.841E9,2.992,3.386E9,2.973,3.007E9,2.956
168.2E9,4.523,76.50E9,3.709,44.33E9,3.462,29.25E9,3.341,20.92E9,3.256,15.78E9,3.188,12.37E9,3.130,9.968E9,3.079,8.218E9,3.035,6.899E9,2.996,5.879E9,2.961,5.036E9,2.933,4.359E9,2.909,3.809E9,2.888,3.357E9,2.870,2.981E9,2.854
169.0E9,4.357,76.65E9,3.588,44.36E9,3.353,29.23E9,3.234,20.87E9,3.149,15.72E9,3.081,12.30E9,3.023,9.904E9,2.973,8.159E9,2.930,6.845E9,2.892,5.830E9,2.859,4.993E9,2.832,4.320E9,2.809,3.775E9,2.789,3.326E9,2.772,2.953E9,2.756
169.7E9,4.199,76.76E9,3.473,44.35E9,3.247,29.17E9,3.131,20.79E9,3.046,15.63E9,2.978,12.22E9,2.921,9.830E9,2.872,8.093E9,2.829,6.786E9,2.793,5.777E9,2.760,4.946E9,2.735,4.279E9,2.713,3.738E9,2.694,3.293E9,2.678,2.924E9,2.663
170.2E9,4.049,76.80E9,3.362,44.30E9,3.146,29.09E9,3.031,20.69E9,2.946,15.54E9,2.878,12.13E9,2.822,9.749E9,2.774,8.021E9,2.733,6.723E9,2.697,5.721E9,2.666,4.897E9,2.642,4.235E9,2.621,3.699E9,2.604,3.259E9,2.588,2.892E9,2.574
170.6E9,3.906,76.80E9,3.256,44.22E9,3.047,28.97E9,2.934,20.57E9,2.850,15.42E9,2.782,12.03E9,2.727,9.662E9,2.680,7.945E9,2.640,6.656E9,2.606,5.662E9,2.576,4.845E9,2.553,4.190E9,2.534,3.659E9,2.517,3.223E9,2.502,2.860E9,2.489
170.9E9,3.771,76.74E9,3.155,44.09E9,2.952,28.83E9,2.840,20.43E9,2.756,15.30E9,2.690,11.92E9,2.635,9.569E9,2.590,7.864E9,2.552,6.586E9,2.519,5.601E9,2.491,4.792E9,2.469,4.143E9,2.450,3.617E9,2.434,3.186E9,2.420,2.827E9,2.408
171.0E9,3.643,76.63E9,3.057,43.92E9,2.860,28.65E9,2.749,20.28E9,2.666,15.16E9,2.601,11.80E9,2.548,9.471E9,2.504,7.780E9,2.467,6.513E9,2.436,5.537E9,2.409,4.736E9,2.388,4.094E9,2.370,3.574E9,2.355,3.147E9,2.341,2.792E9,2.330
171.1E9,3.521,76.47E9,2.963,43.72E9,2.771,28.46E9,2.660,20.11E9,2.579,15.02E9,2.515,11.68E9,2.464,9.368E9,2.422,7.692E9,2.386,6.437E9,2.356,5.472E9,2.330,4.679E9,2.310,4.044E9,2.293,3.530E9,2.279,3.107E9,2.266,2.756E9,2.255
171.0E9,3.405,76.27E9,2.873,43.48E9,2.685,28.24E9,2.575,19.92E9,2.495,14.87E9,2.433,11.56E9,2.383,9.262E9,2.343,7.602E9,2.309,6.360E9,2.280,5.404E9,2.255,4.620E9,2.236,3.992E9,2.220,3.484E9,2.206,3.067E9,2.194,2.720E9,2.183
170.9E9,3.294,76.01E9,2.786,43.21E9,2.601,28.01E9,2.493,19.73E9,2.414,14.71E9,2.354,11.42E9,2.306,9.151E9,2.267,7.508E9,2.234,6.280E9,2.207,5.335E9,2.183,4.560E9,2.165,3.940E9,2.149,3.437E9,2.136,3.025E9,2.125,2.683E9,2.115
170.7E9,3.188,75.70E9,2.702,42.91E9,2.520,27.75E9,2.414,19.52E9,2.337,14.54E9,2.278,11.29E9,2.232,9.038E9,2.194,7.413E9,2.163,6.198E9,2.137,5.264E9,2.114,4.499E9,2.096,3.886E9,2.082,3.390E9,2.069,2.983E9,2.059,2.645E9,2.049
170.4E9,3.088,75.35E9,2.621,42.57E9,2.442,27.48E9,2.337,19.31E9,2.262,14.37E9,2.205,11.15E9,2.161,8.922E9,2.125,7.315E9,2.095,6.115E9,2.069,5.192E9,2.048,4.436E9,2.031,3.831E9,2.017,3.342E9,2.005,2.940E9,1.995,2.607E9,1.986
170.0E9,2.992,74.95E9,2.543,42.21E9,2.366,27.20E9,2.263,19.08E9,2.190,14.19E9,2.135,11.00E9,2.093,8.804E9,2.058,7.216E9,2.029,6.030E9,2.005,5.119E9,1.984,4.373E9,1.968,3.776E9,1.955,3.293E9,1.944,2.897E9,1.934,2.568E9,1.925
