bsim4 ,leafValue((OP("/NM0" "ids") / pv("top-level" "width" ?resultsDir "/home/vasanti/simulation/nmos_tech/spectre/schematic" ?result "designParamVals")) "length" 4.5e-08),bsim4 ,leafValue((OP("/NM0" "ids") / pv("top-level" "width" ?resultsDir "/home/vasanti/simulation/nmos_tech/spectre/schematic" ?result "designParamVals")) "length" 9e-08),bsim4 ,leafValue((OP("/NM0" "ids") / pv("top-level" "width" ?resultsDir "/home/vasanti/simulation/nmos_tech/spectre/schematic" ?result "designParamVals")) "length" 1.35e-07),bsim4 ,leafValue((OP("/NM0" "ids") / pv("top-level" "width" ?resultsDir "/home/vasanti/simulation/nmos_tech/spectre/schematic" ?result "designParamVals")) "length" 1.8e-07),bsim4 ,leafValue((OP("/NM0" "ids") / pv("top-level" "width" ?resultsDir "/home/vasanti/simulation/nmos_tech/spectre/schematic" ?result "designParamVals")) "length" 2.25e-07),bsim4 ,leafValue((OP("/NM0" "ids") / pv("top-level" "width" ?resultsDir "/home/vasanti/simulation/nmos_tech/spectre/schematic" ?result "designParamVals")) "length" 2.7e-07),bsim4 ,leafValue((OP("/NM0" "ids") / pv("top-level" "width" ?resultsDir "/home/vasanti/simulation/nmos_tech/spectre/schematic" ?result "designParamVals")) "length" 3.15e-07),bsim4 ,leafValue((OP("/NM0" "ids") / pv("top-level" "width" ?resultsDir "/home/vasanti/simulation/nmos_tech/spectre/schematic" ?result "designParamVals")) "length" 3.6e-07),bsim4 ,leafValue((OP("/NM0" "ids") / pv("top-level" "width" ?resultsDir "/home/vasanti/simulation/nmos_tech/spectre/schematic" ?result "designParamVals")) "length" 4.05e-07),bsim4 ,leafValue((OP("/NM0" "ids") / pv("top-level" "width" ?resultsDir "/home/vasanti/simulation/nmos_tech/spectre/schematic" ?result "designParamVals")) "length" 4.5e-07),bsim4 ,leafValue((OP("/NM0" "ids") / pv("top-level" "width" ?resultsDir "/home/vasanti/simulation/nmos_tech/spectre/schematic" ?result "designParamVals")) "length" 4.95e-07),bsim4 ,leafValue((OP("/NM0" "ids") / pv("top-level" "width" ?resultsDir "/home/vasanti/simulation/nmos_tech/spectre/schematic" ?result "designParamVals")) "length" 5.4e-07),bsim4 ,leafValue((OP("/NM0" "ids") / pv("top-level" "width" ?resultsDir "/home/vasanti/simulation/nmos_tech/spectre/schematic" ?result "designParamVals")) "length" 5.85e-07),bsim4 ,leafValue((OP("/NM0" "ids") / pv("top-level" "width" ?resultsDir "/home/vasanti/simulation/nmos_tech/spectre/schematic" ?result "designParamVals")) "length" 6.3e-07),bsim4 ,leafValue((OP("/NM0" "ids") / pv("top-level" "width" ?resultsDir "/home/vasanti/simulation/nmos_tech/spectre/schematic" ?result "designParamVals")) "length" 6.75e-07),bsim4 ,leafValue((OP("/NM0" "ids") / pv("top-level" "width" ?resultsDir "/home/vasanti/simulation/nmos_tech/spectre/schematic" ?result "designParamVals")) "length" 7.2e-07)
29.75,11.63E-6,32.52,8.678E-6,33.06,10.70E-6,33.24,12.83E-6,33.35,14.78E-6,33.41,16.49E-6,33.46,17.95E-6,33.49,19.18E-6,33.51,20.21E-6,33.53,21.07E-6,33.54,21.78E-6,33.58,22.22E-6,33.62,22.55E-6,33.65,22.82E-6,33.67,23.02E-6,33.69,23.17E-6
29.74,15.65E-6,32.52,12.01E-6,33.05,14.89E-6,33.23,17.89E-6,33.33,20.63E-6,33.40,23.03E-6,33.44,25.08E-6,33.47,26.81E-6,33.49,28.25E-6,33.50,29.46E-6,33.52,30.46E-6,33.55,31.08E-6,33.59,31.56E-6,33.62,31.94E-6,33.64,32.23E-6,33.66,32.45E-6
29.74,21.08E-6,32.51,16.63E-6,33.04,20.72E-6,33.21,24.93E-6,33.31,28.79E-6,33.38,32.16E-6,33.42,35.03E-6,33.44,37.46E-6,33.46,39.49E-6,33.48,41.18E-6,33.48,42.58E-6,33.52,43.46E-6,33.55,44.14E-6,33.58,44.69E-6,33.60,45.11E-6,33.62,45.43E-6
29.73,28.37E-6,32.50,23.02E-6,33.02,28.83E-6,33.20,34.75E-6,33.29,40.17E-6,33.35,44.90E-6,33.39,48.93E-6,33.41,52.33E-6,33.43,55.17E-6,33.44,57.54E-6,33.45,59.50E-6,33.48,60.76E-6,33.51,61.73E-6,33.54,62.51E-6,33.56,63.11E-6,33.57,63.57E-6
29.72,38.19E-6,32.48,31.85E-6,33.01,40.11E-6,33.18,48.43E-6,33.27,56.04E-6,33.32,62.66E-6,33.36,68.31E-6,33.38,73.07E-6,33.39,77.06E-6,33.40,80.37E-6,33.40,83.11E-6,33.43,84.90E-6,33.46,86.29E-6,33.48,87.39E-6,33.50,88.25E-6,33.52,88.91E-6
29.71,51.41E-6,32.47,44.07E-6,32.99,55.79E-6,33.15,67.48E-6,33.24,78.14E-6,33.29,87.43E-6,33.32,95.35E-6,33.34,102.0E-6,33.35,107.6E-6,33.35,112.2E-6,33.35,116.0E-6,33.38,118.6E-6,33.40,120.5E-6,33.42,122.1E-6,33.44,123.3E-6,33.45,124.3E-6
29.69,69.19E-6,32.45,60.97E-6,32.96,77.58E-6,33.12,93.99E-6,33.20,108.9E-6,33.25,121.9E-6,33.27,133.0E-6,33.29,142.3E-6,33.29,150.1E-6,33.29,156.6E-6,33.29,161.9E-6,33.31,165.5E-6,33.33,168.3E-6,33.35,170.5E-6,33.36,172.2E-6,33.37,173.6E-6
29.68,93.10E-6,32.43,84.33E-6,32.94,107.9E-6,33.09,130.9E-6,33.16,151.8E-6,33.20,170.0E-6,33.22,185.5E-6,33.23,198.5E-6,33.23,209.4E-6,33.22,218.4E-6,33.22,225.8E-6,33.23,230.8E-6,33.25,234.8E-6,33.26,237.9E-6,33.27,240.4E-6,33.28,242.2E-6
29.66,125.3E-6,32.40,116.6E-6,32.90,149.9E-6,33.05,182.2E-6,33.11,211.5E-6,33.14,236.9E-6,33.16,258.5E-6,33.16,276.6E-6,33.15,291.8E-6,33.14,304.3E-6,33.13,314.7E-6,33.14,321.7E-6,33.15,327.2E-6,33.16,331.6E-6,33.17,335.1E-6,33.17,337.7E-6
29.63,168.5E-6,32.37,161.2E-6,32.86,208.3E-6,33.00,253.4E-6,33.06,294.4E-6,33.08,329.9E-6,33.08,360.0E-6,33.07,385.2E-6,33.05,406.3E-6,33.04,423.7E-6,33.01,438.0E-6,33.02,447.9E-6,33.03,455.6E-6,33.03,461.8E-6,33.03,466.6E-6,33.02,470.2E-6
29.61,226.6E-6,32.33,222.8E-6,32.81,289.2E-6,32.93,352.4E-6,32.97,409.5E-6,32.98,459.0E-6,32.97,500.9E-6,32.95,535.9E-6,32.92,565.0E-6,32.90,589.1E-6,32.87,608.9E-6,32.87,622.6E-6,32.87,633.4E-6,32.86,642.0E-6,32.86,648.6E-6,32.85,653.6E-6
29.58,304.6E-6,32.29,307.8E-6,32.74,401.4E-6,32.84,489.6E-6,32.86,569.2E-6,32.86,637.9E-6,32.84,696.0E-6,32.81,744.5E-6,32.77,784.8E-6,32.74,818.0E-6,32.70,845.2E-6,32.70,864.2E-6,32.69,879.1E-6,32.68,890.9E-6,32.66,900.0E-6,32.65,906.9E-6
29.54,409.3E-6,32.21,424.9E-6,32.64,556.6E-6,32.73,679.6E-6,32.74,790.2E-6,32.72,885.5E-6,32.69,965.8E-6,32.65,1.033E-3,32.60,1.088E-3,32.56,1.134E-3,32.51,1.171E-3,32.50,1.197E-3,32.48,1.218E-3,32.46,1.234E-3,32.44,1.246E-3,32.42,1.256E-3
29.50,549.9E-6,32.13,586.2E-6,32.54,771.1E-6,32.61,942.2E-6,32.61,1.096E-3,32.57,1.227E-3,32.52,1.338E-3,32.47,1.430E-3,32.41,1.506E-3,32.35,1.569E-3,32.30,1.619E-3,32.27,1.655E-3,32.24,1.683E-3,32.22,1.705E-3,32.19,1.722E-3,32.16,1.734E-3
29.45,738.4E-6,32.03,808.0E-6,32.42,1.067E-3,32.47,1.305E-3,32.45,1.517E-3,32.39,1.698E-3,32.33,1.851E-3,32.26,1.977E-3,32.19,2.081E-3,32.12,2.165E-3,32.05,2.234E-3,32.01,2.283E-3,31.98,2.321E-3,31.94,2.350E-3,31.90,2.372E-3,31.86,2.388E-3
29.37,990.9E-6,31.93,1.112E-3,32.29,1.475E-3,32.31,1.804E-3,32.27,2.096E-3,32.19,2.346E-3,32.11,2.554E-3,32.02,2.726E-3,31.93,2.867E-3,31.85,2.981E-3,31.77,3.074E-3,31.72,3.139E-3,31.67,3.190E-3,31.62,3.229E-3,31.58,3.258E-3,31.53,3.279E-3
29.28,1.329E-3,31.80,1.530E-3,32.14,2.035E-3,32.13,2.489E-3,32.06,2.892E-3,31.96,3.233E-3,31.86,3.517E-3,31.75,3.750E-3,31.65,3.940E-3,31.55,4.094E-3,31.46,4.217E-3,31.39,4.304E-3,31.33,4.372E-3,31.27,4.423E-3,31.21,4.460E-3,31.16,4.487E-3
29.18,1.780E-3,31.66,2.101E-3,31.96,2.804E-3,31.93,3.429E-3,31.83,3.980E-3,31.70,4.445E-3,31.57,4.830E-3,31.45,5.144E-3,31.32,5.399E-3,31.21,5.603E-3,31.10,5.766E-3,31.02,5.881E-3,30.95,5.969E-3,30.88,6.035E-3,30.81,6.082E-3,30.74,6.114E-3
29.07,2.381E-3,31.50,2.882E-3,31.76,3.857E-3,31.69,4.714E-3,31.56,5.464E-3,31.41,6.094E-3,31.25,6.613E-3,31.10,7.033E-3,30.96,7.371E-3,30.83,7.641E-3,30.71,7.854E-3,30.61,8.004E-3,30.52,8.117E-3,30.44,8.200E-3,30.36,8.258E-3,30.28,8.296E-3
28.94,3.183E-3,31.32,3.946E-3,31.54,5.293E-3,31.42,6.463E-3,31.26,7.481E-3,31.07,8.329E-3,30.89,9.023E-3,30.72,9.581E-3,30.56,10.03E-3,30.41,10.38E-3,30.27,10.65E-3,30.16,10.85E-3,30.06,10.99E-3,29.96,11.09E-3,29.87,11.16E-3,29.78,11.20E-3
28.80,4.248E-3,31.11,5.392E-3,31.28,7.246E-3,31.12,8.837E-3,30.91,10.21E-3,30.70,11.34E-3,30.49,12.26E-3,30.29,13.00E-3,30.11,13.58E-3,29.94,14.03E-3,29.79,14.39E-3,29.67,14.63E-3,29.55,14.81E-3,29.44,14.93E-3,29.34,15.01E-3,29.24,15.05E-3
28.64,5.661E-3,30.88,7.351E-3,30.98,9.893E-3,30.78,12.04E-3,30.53,13.88E-3,30.28,15.39E-3,30.04,16.60E-3,29.82,17.56E-3,29.62,18.31E-3,29.44,18.89E-3,29.27,19.33E-3,29.13,19.63E-3,29.01,19.84E-3,28.89,19.98E-3,28.78,20.07E-3,28.67,20.10E-3
28.46,7.532E-3,30.61,9.997E-3,30.65,13.46E-3,30.40,16.35E-3,30.11,18.80E-3,29.82,20.78E-3,29.55,22.36E-3,29.31,23.60E-3,29.09,24.56E-3,28.90,25.28E-3,28.72,25.83E-3,28.57,26.20E-3,28.43,26.44E-3,28.30,26.60E-3,28.18,26.68E-3,28.07,26.70E-3
28.25,10.00E-3,30.30,13.56E-3,30.27,18.26E-3,29.97,22.11E-3,29.64,25.34E-3,29.32,27.93E-3,29.03,29.97E-3,28.76,31.55E-3,28.53,32.76E-3,28.32,33.66E-3,28.13,34.32E-3,27.97,34.75E-3,27.82,35.03E-3,27.68,35.19E-3,27.56,35.26E-3,27.44,35.24E-3
28.02,13.25E-3,29.96,18.32E-3,29.86,24.66E-3,29.50,29.77E-3,29.12,34.00E-3,28.77,37.35E-3,28.46,39.95E-3,28.18,41.94E-3,27.93,43.44E-3,27.71,44.54E-3,27.52,45.33E-3,27.35,45.83E-3,27.19,46.12E-3,27.05,46.27E-3,26.92,46.29E-3,26.80,46.22E-3
27.77,17.51E-3,29.58,24.68E-3,29.40,33.17E-3,28.99,39.89E-3,28.57,45.36E-3,28.19,49.66E-3,27.86,52.95E-3,27.57,55.43E-3,27.31,57.26E-3,27.08,58.58E-3,26.88,59.50E-3,26.71,60.05E-3,26.55,60.34E-3,26.40,60.45E-3,26.27,60.40E-3,26.15,60.23E-3
27.48,23.09E-3,29.15,33.10E-3,28.89,44.39E-3,28.43,53.15E-3,27.98,60.19E-3,27.58,65.63E-3,27.23,69.74E-3,26.93,72.79E-3,26.67,75.00E-3,26.44,76.56E-3,26.24,77.61E-3,26.06,78.18E-3,25.90,78.44E-3,25.75,78.46E-3,25.62,78.29E-3,25.49,77.97E-3
27.16,30.34E-3,28.67,44.20E-3,28.34,59.10E-3,27.84,70.43E-3,27.36,79.38E-3,26.94,86.20E-3,26.59,91.28E-3,26.28,94.98E-3,26.02,97.61E-3,25.79,99.41E-3,25.59,100.6E-3,25.41,101.1E-3,25.24,101.3E-3,25.10,101.2E-3,24.96,100.8E-3,24.84,100.3E-3
26.80,39.74E-3,28.16,58.73E-3,27.75,78.24E-3,27.21,92.74E-3,26.71,104.0E-3,26.29,112.5E-3,25.93,118.7E-3,25.62,123.1E-3,25.36,126.2E-3,25.14,128.2E-3,24.94,129.5E-3,24.76,129.9E-3,24.59,130.0E-3,24.45,129.6E-3,24.31,129.0E-3,24.19,128.1E-3
26.41,51.85E-3,27.60,77.61E-3,27.12,102.9E-3,26.56,121.3E-3,26.05,135.4E-3,25.63,145.8E-3,25.27,153.3E-3,24.97,158.6E-3,24.71,162.1E-3,24.49,164.3E-3,24.29,165.6E-3,24.11,165.9E-3,23.95,165.7E-3,23.80,165.0E-3,23.67,163.9E-3,23.55,162.7E-3
25.98,67.38E-3,27.00,102.0E-3,26.47,134.6E-3,25.89,157.7E-3,25.38,175.1E-3,24.96,187.8E-3,24.61,196.7E-3,24.31,202.9E-3,24.06,206.9E-3,23.84,209.3E-3,23.65,210.4E-3,23.47,210.5E-3,23.31,209.8E-3,23.17,208.6E-3,23.03,207.1E-3,22.91,205.2E-3
25.52,87.18E-3,26.36,133.2E-3,25.80,174.8E-3,25.21,203.7E-3,24.71,225.0E-3,24.30,240.2E-3,23.96,250.8E-3,23.67,257.9E-3,23.42,262.3E-3,23.21,264.8E-3,23.02,265.7E-3,22.84,265.3E-3,22.68,264.1E-3,22.54,262.2E-3,22.40,259.9E-3,22.28,257.2E-3
25.02,112.2E-3,25.70,172.8E-3,25.11,225.4E-3,24.54,261.2E-3,24.05,287.1E-3,23.65,305.3E-3,23.31,317.7E-3,23.03,325.7E-3,22.79,330.5E-3,22.58,332.9E-3,22.39,333.5E-3,22.22,332.4E-3,22.05,330.2E-3,21.91,327.4E-3,21.77,324.1E-3,21.65,320.4E-3
24.50,143.8E-3,25.02,222.6E-3,24.42,288.8E-3,23.87,332.7E-3,23.39,364.0E-3,23.01,385.5E-3,22.68,399.8E-3,22.40,408.7E-3,22.17,413.7E-3,21.96,415.9E-3,21.77,415.9E-3,21.59,413.7E-3,21.43,410.4E-3,21.28,406.4E-3,21.14,401.7E-3,21.02,396.6E-3
23.94,183.2E-3,24.34,285.0E-3,23.74,367.4E-3,23.21,421.0E-3,22.76,458.4E-3,22.38,483.7E-3,22.06,500.0E-3,21.79,509.8E-3,21.55,514.8E-3,21.34,516.4E-3,21.15,515.4E-3,20.97,511.9E-3,20.80,506.9E-3,20.65,501.1E-3,20.51,494.7E-3,20.38,487.8E-3
23.36,232.1E-3,23.65,362.2E-3,23.08,464.3E-3,22.57,529.2E-3,22.13,573.8E-3,21.77,603.2E-3,21.45,621.5E-3,21.18,631.9E-3,20.93,636.6E-3,20.72,637.2E-3,20.53,634.8E-3,20.34,629.3E-3,20.18,622.2E-3,20.02,614.1E-3,19.88,605.4E-3,19.75,596.2E-3
22.77,292.3E-3,22.97,457.3E-3,22.43,583.0E-3,21.95,661.1E-3,21.53,713.7E-3,21.16,747.6E-3,20.85,767.9E-3,20.57,778.6E-3,20.32,782.5E-3,20.10,781.5E-3,19.91,777.1E-3,19.72,768.9E-3,19.55,758.9E-3,19.39,747.9E-3,19.24,736.2E-3,19.11,724.1E-3
22.17,365.9E-3,22.31,573.5E-3,21.81,727.3E-3,21.35,821.0E-3,20.94,882.6E-3,20.57,921.0E-3,20.25,943.0E-3,19.96,953.5E-3,19.71,955.9E-3,19.48,952.6E-3,19.28,945.3E-3,19.09,933.5E-3,18.91,919.8E-3,18.75,905.0E-3,18.60,889.6E-3,18.47,873.7E-3
21.56,455.3E-3,21.68,714.5E-3,21.22,901.8E-3,20.77,1.013,20.36,1.085,19.98,1.128,19.65,1.151,19.35,1.161,19.09,1.161,18.86,1.154,18.65,1.143,18.46,1.126,18.28,1.108,18.11,1.088,17.96,1.068,17.82,1.048
20.96,563.2E-3,21.07,884.8E-3,20.65,1.112,20.21,1.244,19.78,1.326,19.39,1.373,19.05,1.397,18.74,1.404,18.48,1.400,18.24,1.389,18.03,1.373,17.82,1.350,17.64,1.326,17.47,1.300,17.32,1.274,17.18,1.248
20.38,692.5E-3,20.50,1.089,20.10,1.363,19.66,1.518,19.21,1.612,18.81,1.662,18.45,1.685,18.13,1.688,17.86,1.679,17.61,1.662,17.40,1.639,17.19,1.609,17.01,1.576,16.84,1.543,16.69,1.510,16.55,1.477
19.81,846.6E-3,19.97,1.333,19.58,1.662,19.11,1.843,18.65,1.947,18.22,2.001,17.85,2.020,17.52,2.018,17.24,2.001,16.99,1.975,16.77,1.944,16.56,1.904,16.38,1.863,16.21,1.821,16.05,1.779,15.91,1.737
19.27,1.029,19.47,1.624,19.07,2.016,18.57,2.225,18.08,2.340,17.63,2.393,17.24,2.408,16.91,2.397,16.62,2.370,16.36,2.334,16.14,2.292,15.94,2.240,15.75,2.187,15.58,2.134,15.43,2.082,15.29,2.031
18.76,1.245,19.00,1.968,18.57,2.434,18.03,2.672,17.51,2.795,17.04,2.846,16.64,2.852,16.29,2.830,16.00,2.790,15.75,2.740,15.53,2.685,15.32,2.619,15.14,2.553,14.97,2.487,14.82,2.422,14.69,2.359
18.29,1.498,18.55,2.375,18.08,2.923,17.49,3.191,16.93,3.320,16.44,3.365,16.03,3.358,15.69,3.320,15.39,3.264,15.14,3.198,14.92,3.126,14.72,3.044,14.54,2.961,14.37,2.879,14.23,2.800,14.09,2.724
17.85,1.795,18.12,2.853,17.58,3.494,16.94,3.791,16.35,3.922,15.85,3.955,15.43,3.930,15.08,3.872,14.79,3.796,14.54,3.709,14.32,3.618,14.13,3.516,13.95,3.414,13.79,3.315,13.65,3.219,13.52,3.127
17.44,2.141,17.70,3.412,17.09,4.155,16.39,4.478,15.78,4.605,15.26,4.620,14.84,4.572,14.49,4.489,14.20,4.388,13.96,4.277,13.75,4.163,13.55,4.037,13.38,3.914,13.23,3.794,13.09,3.680,12.96,3.570
17.07,2.544,17.30,4.064,16.59,4.916,15.84,5.261,15.20,5.376,14.68,5.366,14.25,5.288,13.91,5.174,13.63,5.043,13.39,4.904,13.18,4.763,13.00,4.610,12.83,4.461,12.68,4.319,12.55,4.183,12.43,4.053
16.72,3.012,16.89,4.822,16.08,5.789,15.28,6.147,14.62,6.240,14.10,6.196,13.68,6.080,13.34,5.929,13.07,5.762,12.84,5.590,12.64,5.419,12.46,5.236,12.30,5.059,12.16,4.890,12.03,4.730,11.92,4.578
16.41,3.555,16.47,5.697,15.56,6.781,14.73,7.142,14.06,7.202,13.53,7.114,13.12,6.952,12.79,6.757,12.53,6.549,12.31,6.339,12.12,6.134,11.95,5.916,11.80,5.706,11.66,5.508,11.54,5.321,11.43,5.145
16.11,4.182,16.05,6.703,15.04,7.902,14.17,8.252,13.50,8.266,12.98,8.122,12.58,7.905,12.26,7.659,12.01,7.403,11.80,7.151,11.62,6.906,11.46,6.650,11.31,6.405,11.18,6.174,11.07,5.958,10.96,5.754
15.84,4.906,15.62,7.853,14.52,9.160,13.62,9.481,12.95,9.434,12.44,9.223,12.06,8.941,11.75,8.635,11.51,8.327,11.31,8.026,11.14,7.739,10.99,7.440,10.85,7.155,10.73,6.889,10.62,6.640,10.52,6.406
15.57,5.740,15.18,9.160,13.99,10.56,13.08,10.84,12.42,10.71,11.93,10.42,11.55,10.06,11.26,9.688,11.03,9.320,10.84,8.966,10.69,8.631,10.54,8.285,10.41,7.958,10.30,7.652,10.19,7.367,10.10,7.102
15.31,6.698,14.72,10.64,13.46,12.12,12.55,12.32,11.90,12.09,11.43,11.71,11.07,11.27,10.80,10.82,10.58,10.38,10.40,9.971,10.26,9.584,10.12,9.186,9.994,8.812,9.885,8.464,9.788,8.141,9.700,7.841
15.06,7.796,14.26,12.29,12.94,13.83,12.03,13.93,11.40,13.59,10.95,13.09,10.61,12.56,10.35,12.02,10.14,11.52,9.980,11.04,9.845,10.60,9.714,10.14,9.599,9.719,9.496,9.325,9.405,8.961,9.323,8.623
14.79,9.051,13.78,14.14,12.42,15.69,11.53,15.67,10.92,15.19,10.49,14.57,10.17,13.93,9.924,13.31,9.733,12.72,9.580,12.17,9.455,11.67,9.333,11.16,9.224,10.68,9.128,10.24,9.043,9.827,8.966,9.448
14.53,10.48,13.30,16.19,11.92,17.72,11.04,17.54,10.46,16.90,10.05,16.15,9.747,15.39,9.520,14.66,9.343,13.99,9.201,13.37,9.086,12.80,8.972,12.23,8.870,11.69,8.780,11.19,8.700,10.74,8.628,10.32
14.25,12.10,12.81,18.45,11.42,19.92,10.57,19.54,10.02,18.72,9.629,17.82,9.349,16.93,9.137,16.10,8.973,15.33,8.842,14.63,8.736,14.00,8.630,13.35,8.535,12.75,8.450,12.20,8.376,11.69,8.308,11.23
13.95,13.93,12.33,20.92,10.94,22.27,10.12,21.67,9.596,20.65,9.232,19.58,8.971,18.55,8.774,17.60,8.623,16.74,8.503,15.96,8.405,15.25,8.306,14.53,8.217,13.86,8.139,13.26,8.069,12.70,8.006,12.18
13.64,15.99,11.84,23.61,10.48,24.79,9.695,23.92,9.196,22.68,8.856,21.43,8.612,20.25,8.431,19.18,8.291,18.22,8.181,17.35,8.092,16.56,8.000,15.76,7.917,15.03,7.844,14.36,7.778,13.74,7.720,13.18
13.32,18.30,11.37,26.51,10.03,27.46,9.285,26.30,8.816,24.82,8.498,23.37,8.273,22.04,8.105,20.84,7.977,19.76,7.877,18.80,7.796,17.93,7.710,17.05,7.633,16.24,7.565,15.51,7.504,14.83,7.448,14.22
12.98,20.87,10.90,29.63,9.602,30.29,8.895,28.80,8.455,27.06,8.160,25.40,7.951,23.90,7.797,22.56,7.680,21.37,7.589,20.31,7.515,19.35,7.436,18.39,7.364,17.51,7.300,16.70,7.243,15.97,7.192,15.30
12.62,23.72,10.44,32.96,9.192,33.27,8.524,31.42,8.113,29.39,7.840,27.51,7.647,25.84,7.506,24.35,7.399,23.04,7.316,21.88,7.250,20.83,7.176,19.78,7.109,18.82,7.049,17.94,6.996,17.15,6.948,16.42
12.25,26.85,10.00,36.51,8.800,36.40,8.172,34.16,7.789,31.83,7.536,29.71,7.359,27.85,7.230,26.22,7.132,24.78,7.057,23.51,6.997,22.37,6.929,21.23,6.866,20.18,6.811,19.23,6.761,18.37,6.716,17.58
11.87,30.29,9.575,40.26,8.428,39.68,7.839,37.00,7.483,34.35,7.249,31.99,7.086,29.93,6.968,28.14,6.880,26.58,6.812,25.19,6.758,23.96,6.694,22.72,6.636,21.59,6.584,20.56,6.537,19.63,6.495,18.78
11.49,34.04,9.157,44.21,8.069,43.09,7.523,39.95,7.193,36.96,6.977,34.35,6.828,32.09,6.720,30.14,6.640,28.43,6.578,26.94,6.530,25.61,6.471,24.27,6.417,23.05,6.368,21.94,6.324,20.93,6.285,20.01
11.09,38.11,8.763,48.35,7.733,46.63,7.220,43.01,6.918,39.66,6.719,36.78,6.583,34.31,6.485,32.19,6.412,30.35,6.357,28.74,6.314,27.31,6.258,25.86,6.207,24.55,6.162,23.36,6.121,22.28,6.084,21.29
10.68,42.49,8.386,52.68,7.414,50.30,6.937,46.16,6.655,42.45,6.475,39.28,6.350,36.60,6.261,34.31,6.195,32.32,6.145,30.59,6.107,29.06,6.055,27.51,6.007,26.09,5.964,24.82,5.926,23.66,5.891,22.60
10.29,47.19,8.027,57.19,7.113,54.08,6.669,49.41,6.408,45.31,6.241,41.86,6.129,38.96,6.048,36.49,5.989,34.35,5.944,32.49,5.909,30.85,5.861,29.19,5.815,27.68,5.775,26.32,5.739,25.08,5.705,23.95
9.894,52.20,7.685,61.86,6.827,57.99,6.415,52.75,6.174,48.25,6.021,44.51,5.917,41.38,5.845,38.72,5.791,36.44,5.751,34.45,5.719,32.70,5.674,30.93,5.631,29.31,5.593,27.85,5.558,26.54,5.526,25.34
9.505,57.51,7.360,66.69,6.556,62.00,6.174,56.18,5.952,51.27,5.812,47.22,5.717,43.85,5.650,41.01,5.603,38.57,5.566,36.45,5.537,34.59,5.494,32.70,5.453,30.98,5.417,29.43,5.383,28.03,5.353,26.75
9.125,63.13,7.052,71.67,6.300,66.11,5.946,59.69,5.742,54.36,5.612,50.00,5.526,46.39,5.465,43.35,5.422,40.76,5.388,38.51,5.361,36.53,5.320,34.52,5.281,32.69,5.246,31.04,5.214,29.55,5.185,28.20
8.753,69.03,6.760,76.80,6.057,70.33,5.730,63.27,5.541,57.51,5.423,52.83,5.343,48.98,5.287,45.75,5.246,42.99,5.216,40.60,5.190,38.51,5.151,36.37,5.113,34.43,5.079,32.68,5.048,31.11,5.020,29.67
8.392,75.21,6.483,82.05,5.828,74.63,5.524,66.94,5.351,60.73,5.242,55.73,5.168,51.62,5.117,48.19,5.078,45.27,5.048,42.74,5.024,40.52,4.986,38.26,4.950,36.21,4.917,34.36,4.887,32.69,4.859,31.18
8.043,81.65,6.221,87.43,5.610,79.02,5.329,70.67,5.169,64.01,5.068,58.67,5.001,54.32,4.952,50.68,4.916,47.59,4.886,44.91,4.861,42.58,4.825,40.19,4.789,38.01,4.757,36.06,4.728,34.30,4.701,32.70
7.707,88.34,5.973,92.93,5.403,83.50,5.143,74.47,4.995,67.34,4.903,61.67,4.839,57.05,4.794,53.21,4.758,49.94,4.729,47.13,4.703,44.66,4.666,42.14,4.632,39.85,4.600,37.79,4.572,35.93,4.545,34.25
7.385,95.26,5.738,98.53,5.208,88.05,4.967,78.33,4.830,70.74,4.743,64.72,4.684,59.84,4.640,55.78,4.605,52.34,4.575,49.37,4.548,46.78,4.511,44.12,4.476,41.70,4.446,39.54,4.418,37.58,4.392,35.81
7.075,102.4,5.516,104.2,5.021,92.67,4.798,82.25,4.671,74.18,4.590,67.81,4.534,62.66,4.491,58.38,4.455,54.76,4.424,51.64,4.395,48.91,4.358,46.12,4.324,43.58,4.293,41.30,4.267,39.25,4.241,37.39
6.780,109.7,5.306,110.0,4.845,97.35,4.637,86.22,4.519,77.66,4.442,70.94,4.388,65.52,4.345,61.02,4.309,57.22,4.276,53.94,4.246,51.07,4.209,48.13,4.175,45.47,4.145,43.08,4.117,40.93,4.094,38.98
6.499,117.3,5.106,115.9,4.676,102.1,4.483,90.24,4.372,81.19,4.300,74.11,4.247,68.41,4.204,63.69,4.166,59.69,4.132,56.25,4.099,53.25,4.062,50.17,4.029,47.37,3.999,44.87,3.972,42.62,3.949,40.58
6.231,125.0,4.917,121.9,4.516,106.9,4.336,94.31,4.231,84.76,4.162,77.32,4.109,71.32,4.065,66.37,4.026,62.19,3.990,58.59,3.956,55.44,3.919,52.21,3.886,49.29,3.857,46.67,3.831,44.31,3.807,42.19
5.976,132.8,4.738,127.9,4.363,111.8,4.195,98.42,4.095,88.36,4.028,80.55,3.975,74.27,3.930,69.08,3.889,64.70,3.851,60.93,3.816,57.64,3.780,54.26,3.748,51.20,3.719,48.47,3.694,46.01,3.671,43.79
5.734,140.9,4.568,134.0,4.217,116.6,4.059,102.6,3.964,92.00,3.897,83.80,3.844,77.23,3.798,71.80,3.756,67.22,3.716,63.28,3.680,59.84,3.645,56.31,3.613,53.12,3.586,50.27,3.561,47.71,3.540,45.40
5.504,149.0,4.407,140.1,4.078,121.6,3.928,106.7,3.837,95.66,3.771,87.08,3.717,80.20,3.669,74.53,3.625,69.75,3.585,65.63,3.548,62.04,3.514,58.36,3.484,55.04,3.457,52.08,3.434,49.41,3.413,47.01
5.287,157.3,4.253,146.3,3.944,126.6,3.803,111.0,3.714,99.34,3.648,90.37,3.592,83.19,3.543,77.27,3.499,72.28,3.458,67.98,3.421,64.24,3.388,60.41,3.359,56.96,3.333,53.87,3.311,51.11,3.291,48.61
5.080,165.6,4.107,152.6,3.816,131.6,3.681,115.2,3.594,103.0,3.528,93.67,3.471,86.18,3.422,80.01,3.377,74.80,3.336,70.33,3.299,66.43,3.267,62.45,3.239,58.87,3.215,55.67,3.193,52.80,3.174,50.20
4.884,174.1,3.968,158.9,3.694,136.6,3.564,119.4,3.478,106.7,3.411,96.97,3.354,89.17,3.304,82.74,3.258,77.33,3.218,72.67,3.182,68.62,3.151,64.49,3.124,60.77,3.101,57.45,3.081,54.48,3.063,51.79
4.699,182.6,3.836,165.2,3.576,141.7,3.451,123.7,3.365,110.5,3.298,100.3,3.240,92.16,3.189,85.47,3.145,79.84,3.105,75.01,3.069,70.80,3.040,66.52,3.014,62.66,2.992,59.23,2.973,56.15,2.956,53.38
4.523,191.2,3.709,171.5,3.462,146.7,3.341,128.0,3.256,114.2,3.188,103.6,3.130,95.14,3.079,88.19,3.035,82.35,2.996,77.33,2.961,72.96,2.933,68.53,2.909,64.55,2.888,61.00,2.870,57.82,2.854,54.95
4.357,199.9,3.588,177.9,3.353,151.8,3.234,132.2,3.149,117.9,3.081,106.9,3.023,98.11,2.973,90.90,2.930,84.84,2.892,79.64,2.859,75.12,2.832,70.54,2.809,66.42,2.789,62.75,2.772,59.47,2.756,56.51
4.199,208.7,3.473,184.3,3.247,156.9,3.131,136.5,3.046,121.6,2.978,110.2,2.921,101.1,2.872,93.60,2.829,87.32,2.793,81.94,2.760,77.26,2.735,72.53,2.713,68.28,2.694,64.50,2.678,61.11,2.663,58.07
4.049,217.4,3.362,190.7,3.146,162.0,3.031,140.8,2.946,125.3,2.878,113.4,2.822,104.0,2.774,96.28,2.733,89.78,2.697,84.22,2.666,79.38,2.642,74.50,2.621,70.12,2.604,66.23,2.588,62.74,2.574,59.61
3.906,226.3,3.256,197.1,3.047,167.1,2.934,145.0,2.850,129.0,2.782,116.7,2.727,106.9,2.680,98.94,2.640,92.22,2.606,86.48,2.576,81.49,2.553,76.46,2.534,71.95,2.517,67.94,2.502,64.36,2.489,61.13
3.771,235.1,3.155,203.5,2.952,172.2,2.840,149.3,2.756,132.6,2.690,119.9,2.635,109.8,2.590,101.6,2.552,94.65,2.519,88.72,2.491,83.58,2.469,78.41,2.450,73.77,2.434,69.65,2.420,65.96,2.408,62.65
3.643,244.0,3.057,210.0,2.860,177.3,2.749,153.5,2.666,136.3,2.601,123.2,2.548,112.7,2.504,104.2,2.467,97.05,2.436,90.95,2.409,85.66,2.388,80.34,2.370,75.57,2.355,71.34,2.341,67.55,2.330,64.15
3.521,252.9,2.963,216.4,2.771,182.3,2.660,157.7,2.579,139.9,2.515,126.3,2.464,115.6,2.422,106.8,2.386,99.44,2.356,93.15,2.330,87.71,2.310,82.24,2.293,77.35,2.279,73.01,2.266,69.13,2.255,65.64
3.405,261.8,2.873,222.8,2.685,187.4,2.575,161.9,2.495,143.5,2.433,129.5,2.383,118.4,2.343,109.4,2.309,101.8,2.280,95.34,2.255,89.74,2.236,84.13,2.220,79.12,2.206,74.66,2.194,70.69,2.183,67.11
3.294,270.7,2.786,229.2,2.601,192.4,2.493,166.1,2.414,147.1,2.354,132.6,2.306,121.2,2.267,111.9,2.234,104.1,2.207,97.50,2.183,91.76,2.165,86.01,2.149,80.86,2.136,76.30,2.125,72.23,2.115,68.57
3.188,279.6,2.702,235.5,2.520,197.4,2.414,170.2,2.337,150.6,2.278,135.8,2.232,124.0,2.194,114.4,2.163,106.5,2.137,99.64,2.114,93.75,2.096,87.86,2.082,82.59,2.069,77.92,2.059,73.75,2.049,70.01
3.088,288.5,2.621,241.9,2.442,202.3,2.337,174.3,2.262,154.1,2.205,138.8,2.161,126.8,2.125,116.9,2.095,108.7,2.069,101.8,2.048,95.72,2.031,89.69,2.017,84.30,2.005,79.53,1.995,75.26,1.986,71.44
2.992,297.4,2.543,248.2,2.366,207.3,2.263,178.3,2.190,157.6,2.135,141.9,2.093,129.5,2.058,119.4,2.029,111.0,2.005,103.9,1.984,97.67,1.968,91.50,1.955,85.99,1.944,81.11,1.934,76.76,1.925,72.85
