time (s),/Vline (V),/Vout (V)
0.000,1.400,998.7E-3
833.3E-6,1.405,998.9E-3
1.667E-3,1.409,998.9E-3
2.500E-3,1.410,998.9E-3
3.333E-3,1.409,998.9E-3
4.167E-3,1.405,998.9E-3
5.000E-3,1.400,998.9E-3
5.833E-3,1.395,998.9E-3
6.667E-3,1.391,998.9E-3
7.500E-3,1.390,998.9E-3
8.333E-3,1.391,998.9E-3
9.167E-3,1.395,998.9E-3
10.00E-3,1.400,998.9E-3
10.83E-3,1.405,998.9E-3
11.67E-3,1.409,998.9E-3
12.50E-3,1.410,998.9E-3
13.33E-3,1.409,998.9E-3
14.17E-3,1.405,998.9E-3
15.00E-3,1.400,998.9E-3
15.83E-3,1.395,998.9E-3
16.67E-3,1.391,998.9E-3
17.50E-3,1.390,998.9E-3
18.33E-3,1.391,998.9E-3
19.17E-3,1.395,998.9E-3
20.00E-3,1.400,998.9E-3
20.83E-3,1.405,998.9E-3
21.67E-3,1.409,998.9E-3
22.50E-3,1.410,998.9E-3
23.33E-3,1.409,998.9E-3
24.17E-3,1.405,998.9E-3
25.00E-3,1.400,998.9E-3
25.83E-3,1.395,998.9E-3
26.67E-3,1.391,998.9E-3
27.50E-3,1.390,998.9E-3
28.33E-3,1.391,998.9E-3
29.17E-3,1.395,998.9E-3
30.00E-3,1.400,998.9E-3
30.83E-3,1.405,998.9E-3
31.67E-3,1.409,998.9E-3
32.50E-3,1.410,998.9E-3
33.33E-3,1.409,998.9E-3
34.17E-3,1.405,998.9E-3
35.00E-3,1.400,998.9E-3
35.83E-3,1.395,998.9E-3
36.67E-3,1.391,998.9E-3
37.50E-3,1.390,998.9E-3
38.33E-3,1.391,998.9E-3
39.17E-3,1.395,998.9E-3
40.00E-3,1.400,998.9E-3
40.83E-3,1.405,998.9E-3
41.67E-3,1.409,998.9E-3
42.50E-3,1.410,998.9E-3
43.33E-3,1.409,998.9E-3
44.17E-3,1.405,998.9E-3
45.00E-3,1.400,998.9E-3
45.83E-3,1.395,998.9E-3
46.67E-3,1.391,998.9E-3
47.50E-3,1.390,998.9E-3
48.33E-3,1.391,998.9E-3
49.17E-3,1.395,998.9E-3
50.00E-3,1.400,998.9E-3
50.83E-3,1.405,998.9E-3
51.67E-3,1.409,998.9E-3
52.50E-3,1.410,998.9E-3
53.33E-3,1.409,998.9E-3
54.17E-3,1.405,998.9E-3
55.00E-3,1.400,998.9E-3
55.83E-3,1.395,998.9E-3
56.67E-3,1.391,998.9E-3
57.50E-3,1.390,998.9E-3
58.33E-3,1.391,998.9E-3
59.17E-3,1.395,998.9E-3
60.00E-3,1.400,998.9E-3
60.83E-3,1.405,998.9E-3
61.67E-3,1.409,998.9E-3
62.50E-3,1.410,998.9E-3
63.33E-3,1.409,998.9E-3
64.17E-3,1.405,998.9E-3
65.00E-3,1.400,998.9E-3
65.83E-3,1.395,998.9E-3
66.67E-3,1.391,998.9E-3
67.50E-3,1.390,998.9E-3
68.33E-3,1.391,998.9E-3
69.17E-3,1.395,998.9E-3
70.00E-3,1.400,998.9E-3
70.83E-3,1.405,998.9E-3
71.67E-3,1.409,998.9E-3
72.50E-3,1.410,998.9E-3
73.33E-3,1.409,998.9E-3
74.17E-3,1.405,998.9E-3
75.00E-3,1.400,998.9E-3
75.83E-3,1.395,998.9E-3
76.67E-3,1.391,998.9E-3
77.50E-3,1.390,998.9E-3
78.33E-3,1.391,998.9E-3
79.17E-3,1.395,998.9E-3
80.00E-3,1.400,998.9E-3
80.83E-3,1.405,998.9E-3
81.67E-3,1.409,998.9E-3
82.50E-3,1.410,998.9E-3
83.33E-3,1.409,998.9E-3
84.17E-3,1.405,998.9E-3
85.00E-3,1.400,998.9E-3
85.83E-3,1.395,998.9E-3
86.67E-3,1.391,998.9E-3
87.50E-3,1.390,998.9E-3
88.33E-3,1.391,998.9E-3
89.17E-3,1.395,998.9E-3
90.00E-3,1.400,998.9E-3
90.83E-3,1.405,998.9E-3
91.67E-3,1.409,998.9E-3
92.50E-3,1.410,998.9E-3
93.33E-3,1.409,998.9E-3
94.17E-3,1.405,998.9E-3
95.00E-3,1.400,998.9E-3
95.83E-3,1.395,998.9E-3
96.67E-3,1.391,998.9E-3
97.50E-3,1.390,998.9E-3
98.33E-3,1.391,998.9E-3
99.17E-3,1.395,998.9E-3
100.0E-3,1.400,998.9E-3
100.8E-3,1.405,998.9E-3
101.7E-3,1.409,998.9E-3
102.5E-3,1.410,998.9E-3
103.3E-3,1.409,998.9E-3
104.2E-3,1.405,998.9E-3
105.0E-3,1.400,998.9E-3
105.8E-3,1.395,998.9E-3
106.7E-3,1.391,998.9E-3
107.5E-3,1.390,998.9E-3
108.3E-3,1.391,998.9E-3
109.2E-3,1.395,998.9E-3
110.0E-3,1.400,998.9E-3
110.8E-3,1.405,998.9E-3
111.7E-3,1.409,998.9E-3
112.5E-3,1.410,998.9E-3
113.3E-3,1.409,998.9E-3
114.2E-3,1.405,998.9E-3
115.0E-3,1.400,998.9E-3
115.8E-3,1.395,998.9E-3
116.7E-3,1.391,998.9E-3
117.5E-3,1.390,998.9E-3
118.3E-3,1.391,998.9E-3
119.2E-3,1.395,998.9E-3
120.0E-3,1.400,998.9E-3
120.8E-3,1.405,998.9E-3
121.7E-3,1.409,998.9E-3
122.5E-3,1.410,998.9E-3
123.3E-3,1.409,998.9E-3
124.2E-3,1.405,998.9E-3
125.0E-3,1.400,998.9E-3
125.8E-3,1.395,998.9E-3
126.7E-3,1.391,998.9E-3
127.5E-3,1.390,998.9E-3
128.3E-3,1.391,998.9E-3
129.2E-3,1.395,998.9E-3
130.0E-3,1.400,998.9E-3
130.8E-3,1.405,998.9E-3
131.7E-3,1.409,998.9E-3
132.5E-3,1.410,998.9E-3
133.3E-3,1.409,998.9E-3
134.2E-3,1.405,998.9E-3
135.0E-3,1.400,998.9E-3
135.8E-3,1.395,998.9E-3
136.7E-3,1.391,998.9E-3
137.5E-3,1.390,998.9E-3
138.3E-3,1.391,998.9E-3
139.2E-3,1.395,998.9E-3
140.0E-3,1.400,998.9E-3
140.8E-3,1.405,998.9E-3
141.7E-3,1.409,998.9E-3
142.5E-3,1.410,998.9E-3
143.3E-3,1.409,998.9E-3
144.2E-3,1.405,998.9E-3
145.0E-3,1.400,998.9E-3
145.8E-3,1.395,998.9E-3
146.7E-3,1.391,998.8E-3
147.5E-3,1.390,998.9E-3
148.3E-3,1.391,998.9E-3
149.2E-3,1.395,998.9E-3
150.0E-3,1.400,998.9E-3
150.8E-3,1.405,998.9E-3
151.7E-3,1.409,998.9E-3
152.5E-3,1.410,998.9E-3
153.3E-3,1.409,998.9E-3
154.2E-3,1.405,998.9E-3
155.0E-3,1.400,998.9E-3
155.8E-3,1.395,998.9E-3
156.7E-3,1.391,998.8E-3
157.5E-3,1.390,998.9E-3
158.3E-3,1.391,998.8E-3
159.2E-3,1.395,998.9E-3
160.0E-3,1.400,998.9E-3
160.8E-3,1.405,998.9E-3
161.7E-3,1.409,998.9E-3
162.5E-3,1.410,998.9E-3
163.3E-3,1.409,998.9E-3
164.2E-3,1.405,998.9E-3
165.0E-3,1.400,998.9E-3
165.8E-3,1.395,998.9E-3
166.7E-3,1.391,998.8E-3
167.5E-3,1.390,998.9E-3
168.3E-3,1.391,998.9E-3
169.2E-3,1.395,998.9E-3
170.0E-3,1.400,998.9E-3
170.8E-3,1.405,998.9E-3
171.7E-3,1.409,998.9E-3
172.5E-3,1.410,998.9E-3
173.3E-3,1.409,998.9E-3
174.2E-3,1.405,998.9E-3
175.0E-3,1.400,998.9E-3
175.8E-3,1.395,998.9E-3
176.7E-3,1.391,998.9E-3
177.5E-3,1.390,998.9E-3
178.3E-3,1.391,998.9E-3
179.2E-3,1.395,998.9E-3
180.0E-3,1.400,998.9E-3
180.8E-3,1.405,998.9E-3
181.7E-3,1.409,998.9E-3
182.5E-3,1.410,998.9E-3
183.3E-3,1.409,998.9E-3
184.2E-3,1.405,998.9E-3
185.0E-3,1.400,998.9E-3
185.8E-3,1.395,998.9E-3
186.7E-3,1.391,998.9E-3
187.5E-3,1.390,998.9E-3
188.3E-3,1.391,998.9E-3
189.2E-3,1.395,998.9E-3
190.0E-3,1.400,998.9E-3
190.8E-3,1.405,998.9E-3
191.7E-3,1.409,998.9E-3
192.5E-3,1.410,998.9E-3
193.3E-3,1.409,998.9E-3
194.2E-3,1.405,998.9E-3
195.0E-3,1.400,998.9E-3
195.8E-3,1.395,998.9E-3
196.7E-3,1.391,998.9E-3
197.5E-3,1.390,998.9E-3
198.3E-3,1.391,998.9E-3
199.2E-3,1.395,998.9E-3
200.0E-3,1.400,998.9E-3
200.8E-3,1.405,998.9E-3
201.7E-3,1.409,998.9E-3
202.5E-3,1.410,998.9E-3
203.3E-3,1.409,998.9E-3
204.2E-3,1.405,998.9E-3
205.0E-3,1.400,998.9E-3
205.8E-3,1.395,998.9E-3
206.7E-3,1.391,998.9E-3
207.5E-3,1.390,998.9E-3
208.3E-3,1.391,998.9E-3
209.2E-3,1.395,998.9E-3
210.0E-3,1.400,998.9E-3
210.8E-3,1.405,998.9E-3
211.7E-3,1.409,998.9E-3
212.5E-3,1.410,998.9E-3
213.3E-3,1.409,998.9E-3
214.2E-3,1.405,998.9E-3
215.0E-3,1.400,998.9E-3
215.8E-3,1.395,998.9E-3
216.7E-3,1.391,998.9E-3
217.5E-3,1.390,998.9E-3
218.3E-3,1.391,998.9E-3
219.2E-3,1.395,998.9E-3
220.0E-3,1.400,998.9E-3
220.8E-3,1.405,998.9E-3
221.7E-3,1.409,998.9E-3
222.5E-3,1.410,998.9E-3
223.3E-3,1.409,998.9E-3
224.2E-3,1.405,998.9E-3
225.0E-3,1.400,998.9E-3
225.8E-3,1.395,998.9E-3
226.7E-3,1.391,998.9E-3
227.5E-3,1.390,998.9E-3
228.3E-3,1.391,998.8E-3
229.2E-3,1.395,998.9E-3
230.0E-3,1.400,998.9E-3
230.8E-3,1.405,998.9E-3
231.7E-3,1.409,998.9E-3
232.5E-3,1.410,998.9E-3
233.3E-3,1.409,998.9E-3
234.2E-3,1.405,998.9E-3
235.0E-3,1.400,998.9E-3
235.8E-3,1.395,998.9E-3
236.7E-3,1.391,998.8E-3
237.5E-3,1.390,998.9E-3
238.3E-3,1.391,998.8E-3
239.2E-3,1.395,998.9E-3
240.0E-3,1.400,998.9E-3
240.8E-3,1.405,998.9E-3
241.7E-3,1.409,998.9E-3
242.5E-3,1.410,998.9E-3
243.3E-3,1.409,998.9E-3
244.2E-3,1.405,998.9E-3
245.0E-3,1.400,998.9E-3
245.8E-3,1.395,998.9E-3
246.7E-3,1.391,998.8E-3
247.5E-3,1.390,998.9E-3
248.3E-3,1.391,998.8E-3
249.2E-3,1.395,998.9E-3
250.0E-3,1.400,998.9E-3
250.8E-3,1.405,998.9E-3
251.7E-3,1.409,998.9E-3
252.5E-3,1.410,998.9E-3
253.3E-3,1.409,998.9E-3
254.2E-3,1.405,998.9E-3
255.0E-3,1.400,998.9E-3
255.8E-3,1.395,998.9E-3
256.7E-3,1.391,998.8E-3
257.5E-3,1.390,998.9E-3
258.3E-3,1.391,998.8E-3
259.2E-3,1.395,998.9E-3
260.0E-3,1.400,998.9E-3
260.8E-3,1.405,998.9E-3
261.7E-3,1.409,998.9E-3
262.5E-3,1.410,998.9E-3
263.3E-3,1.409,998.9E-3
264.2E-3,1.405,998.9E-3
265.0E-3,1.400,998.9E-3
265.8E-3,1.395,998.9E-3
266.7E-3,1.391,998.8E-3
267.5E-3,1.390,998.9E-3
268.3E-3,1.391,998.8E-3
269.2E-3,1.395,998.9E-3
270.0E-3,1.400,998.9E-3
270.8E-3,1.405,998.9E-3
271.7E-3,1.409,998.9E-3
272.5E-3,1.410,998.9E-3
273.3E-3,1.409,998.9E-3
274.2E-3,1.405,998.9E-3
275.0E-3,1.400,998.9E-3
275.8E-3,1.395,998.9E-3
276.7E-3,1.391,998.8E-3
277.5E-3,1.390,998.9E-3
278.3E-3,1.391,998.8E-3
279.2E-3,1.395,998.9E-3
280.0E-3,1.400,998.8E-3
280.8E-3,1.405,998.9E-3
281.7E-3,1.409,998.9E-3
282.5E-3,1.410,998.9E-3
283.3E-3,1.409,998.9E-3
284.2E-3,1.405,998.9E-3
285.0E-3,1.400,998.9E-3
285.8E-3,1.395,998.9E-3
286.7E-3,1.391,998.8E-3
287.5E-3,1.390,998.9E-3
288.3E-3,1.391,998.8E-3
289.2E-3,1.395,998.9E-3
290.0E-3,1.400,998.8E-3
290.8E-3,1.405,998.9E-3
291.7E-3,1.409,998.9E-3
292.5E-3,1.410,998.9E-3
293.3E-3,1.409,998.9E-3
294.2E-3,1.405,998.9E-3
295.0E-3,1.400,998.8E-3
295.8E-3,1.395,998.9E-3
296.7E-3,1.391,998.8E-3
297.5E-3,1.390,998.9E-3
298.3E-3,1.391,998.8E-3
299.2E-3,1.395,998.9E-3
300.0E-3,1.400,998.8E-3
300.8E-3,1.405,999.0E-3
301.7E-3,1.409,998.9E-3
302.5E-3,1.410,999.0E-3
303.3E-3,1.409,998.9E-3
304.2E-3,1.405,998.9E-3
305.0E-3,1.400,998.8E-3
305.8E-3,1.395,998.9E-3
306.7E-3,1.391,998.8E-3
307.5E-3,1.390,998.9E-3
308.3E-3,1.391,998.8E-3
309.2E-3,1.395,998.9E-3
310.0E-3,1.400,998.8E-3
310.8E-3,1.405,999.0E-3
311.7E-3,1.409,998.9E-3
312.5E-3,1.410,999.0E-3
313.3E-3,1.409,998.9E-3
314.2E-3,1.405,998.9E-3
315.0E-3,1.400,998.8E-3
315.8E-3,1.395,998.9E-3
316.7E-3,1.391,998.8E-3
317.5E-3,1.390,998.9E-3
318.3E-3,1.391,998.8E-3
319.2E-3,1.395,998.9E-3
320.0E-3,1.400,998.8E-3
320.8E-3,1.405,999.0E-3
321.7E-3,1.409,998.9E-3
322.5E-3,1.410,999.0E-3
323.3E-3,1.409,998.9E-3
324.2E-3,1.405,999.0E-3
325.0E-3,1.400,998.8E-3
325.8E-3,1.395,998.9E-3
326.7E-3,1.391,998.8E-3
327.5E-3,1.390,998.9E-3
328.3E-3,1.391,998.8E-3
329.2E-3,1.395,998.9E-3
330.0E-3,1.400,998.8E-3
330.8E-3,1.405,999.0E-3
331.7E-3,1.409,998.8E-3
332.5E-3,1.410,999.0E-3
333.3E-3,1.409,998.8E-3
334.2E-3,1.405,999.0E-3
335.0E-3,1.400,998.8E-3
335.8E-3,1.395,998.9E-3
336.7E-3,1.391,998.8E-3
337.5E-3,1.390,998.9E-3
338.3E-3,1.391,998.8E-3
339.2E-3,1.395,998.9E-3
340.0E-3,1.400,998.8E-3
340.8E-3,1.405,999.0E-3
341.7E-3,1.409,998.8E-3
342.5E-3,1.410,999.0E-3
343.3E-3,1.409,998.8E-3
344.2E-3,1.405,999.0E-3
345.0E-3,1.400,998.8E-3
345.8E-3,1.395,999.0E-3
346.7E-3,1.391,998.8E-3
347.5E-3,1.390,998.9E-3
348.3E-3,1.391,998.8E-3
349.2E-3,1.395,999.0E-3
350.0E-3,1.400,998.8E-3
350.8E-3,1.405,999.0E-3
351.7E-3,1.409,998.8E-3
352.5E-3,1.410,999.0E-3
353.3E-3,1.409,998.8E-3
354.2E-3,1.405,999.0E-3
355.0E-3,1.400,998.8E-3
355.8E-3,1.395,999.0E-3
356.7E-3,1.391,998.8E-3
357.5E-3,1.390,999.0E-3
358.3E-3,1.391,998.8E-3
359.2E-3,1.395,999.0E-3
360.0E-3,1.400,998.8E-3
360.8E-3,1.405,999.0E-3
361.7E-3,1.409,998.8E-3
362.5E-3,1.410,999.0E-3
363.3E-3,1.409,998.8E-3
364.2E-3,1.405,999.0E-3
365.0E-3,1.400,998.8E-3
365.8E-3,1.395,999.0E-3
366.7E-3,1.391,998.8E-3
367.5E-3,1.390,999.0E-3
368.3E-3,1.391,998.8E-3
369.2E-3,1.395,999.0E-3
370.0E-3,1.400,998.8E-3
370.8E-3,1.405,999.0E-3
371.7E-3,1.409,998.8E-3
372.5E-3,1.410,999.0E-3
373.3E-3,1.409,998.8E-3
374.2E-3,1.405,999.0E-3
375.0E-3,1.400,998.8E-3
375.8E-3,1.395,999.0E-3
376.7E-3,1.391,998.8E-3
377.5E-3,1.390,999.0E-3
378.3E-3,1.391,998.8E-3
379.2E-3,1.395,999.0E-3
380.0E-3,1.400,998.8E-3
380.8E-3,1.405,999.0E-3
381.7E-3,1.409,998.8E-3
382.5E-3,1.410,999.0E-3
383.3E-3,1.409,998.8E-3
384.2E-3,1.405,999.0E-3
385.0E-3,1.400,998.8E-3
385.8E-3,1.395,999.0E-3
386.7E-3,1.391,998.8E-3
387.5E-3,1.390,999.0E-3
388.3E-3,1.391,998.8E-3
389.2E-3,1.395,999.0E-3
390.0E-3,1.400,998.8E-3
390.8E-3,1.405,999.0E-3
391.7E-3,1.409,998.8E-3
392.5E-3,1.410,999.0E-3
393.3E-3,1.409,998.8E-3
394.2E-3,1.405,999.0E-3
395.0E-3,1.400,998.8E-3
395.8E-3,1.395,999.0E-3
396.7E-3,1.391,998.8E-3
397.5E-3,1.390,999.0E-3
398.3E-3,1.391,998.8E-3
399.2E-3,1.395,999.0E-3
400.0E-3,1.400,998.8E-3
400.8E-3,1.405,999.0E-3
401.7E-3,1.409,998.8E-3
402.5E-3,1.410,999.0E-3
403.3E-3,1.409,998.8E-3
404.2E-3,1.405,999.0E-3
405.0E-3,1.400,998.8E-3
405.8E-3,1.395,999.0E-3
406.7E-3,1.391,998.8E-3
407.5E-3,1.390,999.0E-3
408.3E-3,1.391,998.8E-3
409.2E-3,1.395,999.0E-3
410.0E-3,1.400,998.8E-3
410.8E-3,1.405,999.0E-3
411.7E-3,1.409,998.8E-3
412.5E-3,1.410,999.0E-3
413.3E-3,1.409,998.8E-3
414.2E-3,1.405,999.0E-3
415.0E-3,1.400,998.8E-3
415.8E-3,1.395,999.0E-3
416.7E-3,1.391,998.8E-3
417.5E-3,1.390,999.0E-3
418.3E-3,1.391,998.8E-3
419.2E-3,1.395,999.0E-3
420.0E-3,1.400,998.8E-3
420.8E-3,1.405,999.0E-3
421.7E-3,1.409,998.8E-3
422.5E-3,1.410,999.0E-3
423.3E-3,1.409,998.8E-3
424.2E-3,1.405,999.0E-3
425.0E-3,1.400,998.8E-3
425.8E-3,1.395,999.0E-3
426.7E-3,1.391,998.8E-3
427.5E-3,1.390,999.0E-3
428.3E-3,1.391,998.8E-3
429.2E-3,1.395,999.0E-3
430.0E-3,1.400,998.8E-3
430.8E-3,1.405,999.0E-3
431.7E-3,1.409,998.8E-3
432.5E-3,1.410,999.0E-3
433.3E-3,1.409,998.8E-3
434.2E-3,1.405,999.0E-3
435.0E-3,1.400,998.8E-3
435.8E-3,1.395,999.0E-3
436.7E-3,1.391,998.8E-3
437.5E-3,1.390,999.0E-3
438.3E-3,1.391,998.8E-3
439.2E-3,1.395,999.0E-3
440.0E-3,1.400,998.8E-3
440.8E-3,1.405,999.0E-3
441.7E-3,1.409,998.8E-3
442.5E-3,1.410,999.0E-3
443.3E-3,1.409,998.8E-3
444.2E-3,1.405,999.0E-3
445.0E-3,1.400,998.8E-3
445.8E-3,1.395,999.0E-3
446.7E-3,1.391,998.8E-3
447.5E-3,1.390,999.0E-3
448.3E-3,1.391,998.8E-3
449.2E-3,1.395,999.0E-3
450.0E-3,1.400,998.8E-3
450.8E-3,1.405,999.0E-3
451.7E-3,1.409,998.8E-3
452.5E-3,1.410,999.0E-3
453.3E-3,1.409,998.8E-3
454.2E-3,1.405,999.0E-3
455.0E-3,1.400,998.8E-3
455.8E-3,1.395,999.0E-3
456.7E-3,1.391,998.8E-3
457.5E-3,1.390,999.0E-3
458.3E-3,1.391,998.8E-3
459.2E-3,1.395,999.0E-3
460.0E-3,1.400,998.8E-3
460.8E-3,1.405,999.0E-3
461.7E-3,1.409,998.8E-3
462.5E-3,1.410,999.0E-3
463.3E-3,1.409,998.8E-3
464.2E-3,1.405,999.0E-3
465.0E-3,1.400,998.8E-3
465.8E-3,1.395,999.0E-3
466.7E-3,1.391,998.8E-3
467.5E-3,1.390,999.0E-3
468.3E-3,1.391,998.8E-3
469.2E-3,1.395,999.0E-3
470.0E-3,1.400,998.8E-3
470.8E-3,1.405,999.0E-3
471.7E-3,1.409,998.8E-3
472.5E-3,1.410,999.0E-3
473.3E-3,1.409,998.8E-3
474.2E-3,1.405,999.0E-3
475.0E-3,1.400,998.8E-3
475.8E-3,1.395,999.0E-3
476.7E-3,1.391,998.8E-3
477.5E-3,1.390,999.0E-3
478.3E-3,1.391,998.8E-3
479.2E-3,1.395,999.0E-3
480.0E-3,1.400,998.8E-3
480.8E-3,1.405,999.0E-3
481.7E-3,1.409,998.8E-3
482.5E-3,1.410,999.0E-3
483.3E-3,1.409,998.8E-3
484.2E-3,1.405,999.0E-3
485.0E-3,1.400,998.8E-3
485.8E-3,1.395,999.0E-3
486.7E-3,1.391,998.8E-3
487.5E-3,1.390,999.0E-3
488.3E-3,1.391,998.8E-3
489.2E-3,1.395,999.0E-3
490.0E-3,1.400,998.8E-3
490.8E-3,1.405,999.0E-3
491.7E-3,1.409,998.8E-3
492.5E-3,1.410,999.0E-3
493.3E-3,1.409,998.8E-3
494.2E-3,1.405,999.0E-3
495.0E-3,1.400,998.8E-3
495.8E-3,1.395,999.0E-3
496.7E-3,1.391,998.8E-3
497.5E-3,1.390,999.0E-3
498.3E-3,1.391,998.8E-3
499.2E-3,1.395,999.0E-3
500.0E-3,1.400,998.8E-3
500.8E-3,1.405,999.0E-3
501.7E-3,1.409,998.8E-3
502.5E-3,1.410,999.0E-3
503.3E-3,1.409,998.8E-3
504.2E-3,1.405,999.0E-3
505.0E-3,1.400,998.8E-3
505.8E-3,1.395,999.0E-3
506.7E-3,1.391,998.8E-3
507.5E-3,1.390,999.0E-3
508.3E-3,1.391,998.8E-3
509.2E-3,1.395,999.0E-3
510.0E-3,1.400,998.8E-3
510.8E-3,1.405,999.0E-3
511.7E-3,1.409,998.8E-3
512.5E-3,1.410,999.0E-3
513.3E-3,1.409,998.8E-3
514.2E-3,1.405,999.0E-3
515.0E-3,1.400,998.8E-3
515.8E-3,1.395,999.0E-3
516.7E-3,1.391,998.8E-3
517.5E-3,1.390,999.0E-3
518.3E-3,1.391,998.8E-3
519.2E-3,1.395,999.0E-3
520.0E-3,1.400,998.8E-3
520.8E-3,1.405,999.0E-3
521.7E-3,1.409,998.8E-3
522.5E-3,1.410,999.0E-3
523.3E-3,1.409,998.8E-3
524.2E-3,1.405,999.0E-3
525.0E-3,1.400,998.8E-3
525.8E-3,1.395,999.0E-3
526.7E-3,1.391,998.8E-3
527.5E-3,1.390,999.0E-3
528.3E-3,1.391,998.8E-3
529.2E-3,1.395,999.0E-3
530.0E-3,1.400,998.8E-3
530.8E-3,1.405,999.0E-3
531.7E-3,1.409,998.8E-3
532.5E-3,1.410,999.0E-3
533.3E-3,1.409,998.8E-3
534.2E-3,1.405,999.0E-3
535.0E-3,1.400,998.8E-3
535.8E-3,1.395,999.0E-3
536.7E-3,1.391,998.8E-3
537.5E-3,1.390,999.0E-3
538.3E-3,1.391,998.8E-3
539.2E-3,1.395,999.0E-3
540.0E-3,1.400,998.8E-3
540.8E-3,1.405,999.0E-3
541.7E-3,1.409,998.8E-3
542.5E-3,1.410,999.0E-3
543.3E-3,1.409,998.8E-3
544.2E-3,1.405,999.0E-3
545.0E-3,1.400,998.8E-3
545.8E-3,1.395,999.0E-3
546.7E-3,1.391,998.8E-3
547.5E-3,1.390,999.0E-3
548.3E-3,1.391,998.8E-3
549.2E-3,1.395,999.0E-3
550.0E-3,1.400,998.8E-3
550.8E-3,1.405,999.0E-3
551.7E-3,1.409,998.8E-3
552.5E-3,1.410,999.0E-3
553.3E-3,1.409,998.8E-3
554.2E-3,1.405,999.0E-3
555.0E-3,1.400,998.8E-3
555.8E-3,1.395,999.0E-3
556.7E-3,1.391,998.8E-3
557.5E-3,1.390,999.0E-3
558.3E-3,1.391,998.8E-3
559.2E-3,1.395,999.0E-3
560.0E-3,1.400,998.8E-3
560.8E-3,1.405,999.0E-3
561.7E-3,1.409,998.8E-3
562.5E-3,1.410,999.0E-3
563.3E-3,1.409,998.8E-3
564.2E-3,1.405,999.0E-3
565.0E-3,1.400,998.8E-3
565.8E-3,1.395,999.0E-3
566.7E-3,1.391,998.8E-3
567.5E-3,1.390,999.0E-3
568.3E-3,1.391,998.8E-3
569.2E-3,1.395,999.0E-3
570.0E-3,1.400,998.8E-3
570.8E-3,1.405,999.0E-3
571.7E-3,1.409,998.8E-3
572.5E-3,1.410,999.0E-3
573.3E-3,1.409,998.8E-3
574.2E-3,1.405,999.0E-3
575.0E-3,1.400,998.8E-3
575.8E-3,1.395,999.0E-3
576.7E-3,1.391,998.8E-3
577.5E-3,1.390,998.9E-3
578.3E-3,1.391,998.8E-3
579.2E-3,1.395,999.0E-3
580.0E-3,1.400,998.8E-3
580.8E-3,1.405,999.0E-3
581.7E-3,1.409,998.8E-3
582.5E-3,1.410,999.0E-3
583.3E-3,1.409,998.8E-3
584.2E-3,1.405,999.0E-3
585.0E-3,1.400,998.8E-3
585.8E-3,1.395,999.0E-3
586.7E-3,1.391,998.8E-3
587.5E-3,1.390,998.9E-3
588.3E-3,1.391,998.8E-3
589.2E-3,1.395,999.0E-3
590.0E-3,1.400,998.8E-3
590.8E-3,1.405,999.0E-3
591.7E-3,1.409,998.8E-3
592.5E-3,1.410,999.0E-3
593.3E-3,1.409,998.8E-3
594.2E-3,1.405,999.0E-3
595.0E-3,1.400,998.8E-3
595.8E-3,1.395,999.0E-3
596.7E-3,1.391,998.8E-3
597.5E-3,1.390,998.9E-3
598.3E-3,1.391,998.8E-3
599.2E-3,1.395,999.0E-3
600.0E-3,1.400,998.8E-3
600.8E-3,1.405,999.0E-3
601.7E-3,1.409,998.8E-3
602.5E-3,1.410,999.0E-3
603.3E-3,1.409,998.8E-3
604.2E-3,1.405,999.0E-3
605.0E-3,1.400,998.8E-3
605.8E-3,1.395,998.9E-3
606.7E-3,1.391,998.8E-3
607.5E-3,1.390,998.9E-3
608.3E-3,1.391,998.8E-3
609.2E-3,1.395,998.9E-3
610.0E-3,1.400,998.8E-3
610.8E-3,1.405,999.0E-3
611.7E-3,1.409,998.8E-3
612.5E-3,1.410,999.0E-3
613.3E-3,1.409,998.8E-3
614.2E-3,1.405,999.0E-3
615.0E-3,1.400,998.8E-3
615.8E-3,1.395,998.9E-3
616.7E-3,1.391,998.8E-3
617.5E-3,1.390,998.9E-3
618.3E-3,1.391,998.8E-3
619.2E-3,1.395,998.9E-3
620.0E-3,1.400,998.8E-3
620.8E-3,1.405,999.0E-3
621.7E-3,1.409,998.8E-3
622.5E-3,1.410,999.0E-3
623.3E-3,1.409,998.8E-3
624.2E-3,1.405,999.0E-3
625.0E-3,1.400,998.8E-3
625.8E-3,1.395,998.9E-3
626.7E-3,1.391,998.8E-3
627.5E-3,1.390,998.9E-3
628.3E-3,1.391,998.8E-3
629.2E-3,1.395,998.9E-3
630.0E-3,1.400,998.8E-3
630.8E-3,1.405,999.0E-3
631.7E-3,1.409,998.8E-3
632.5E-3,1.410,999.0E-3
633.3E-3,1.409,998.8E-3
634.2E-3,1.405,999.0E-3
635.0E-3,1.400,998.8E-3
635.8E-3,1.395,998.9E-3
636.7E-3,1.391,998.8E-3
637.5E-3,1.390,998.9E-3
638.3E-3,1.391,998.8E-3
639.2E-3,1.395,998.9E-3
640.0E-3,1.400,998.8E-3
640.8E-3,1.405,999.0E-3
641.7E-3,1.409,998.8E-3
642.5E-3,1.410,999.0E-3
643.3E-3,1.409,998.8E-3
644.2E-3,1.405,999.0E-3
645.0E-3,1.400,998.8E-3
645.8E-3,1.395,998.9E-3
646.7E-3,1.391,998.8E-3
647.5E-3,1.390,998.9E-3
648.3E-3,1.391,998.8E-3
649.2E-3,1.395,998.9E-3
650.0E-3,1.400,998.8E-3
650.8E-3,1.405,999.0E-3
651.7E-3,1.409,998.8E-3
652.5E-3,1.410,999.0E-3
653.3E-3,1.409,998.8E-3
654.2E-3,1.405,999.0E-3
655.0E-3,1.400,998.8E-3
655.8E-3,1.395,998.9E-3
656.7E-3,1.391,998.8E-3
657.5E-3,1.390,998.9E-3
658.3E-3,1.391,998.8E-3
659.2E-3,1.395,998.9E-3
660.0E-3,1.400,998.8E-3
660.8E-3,1.405,999.0E-3
661.7E-3,1.409,998.8E-3
662.5E-3,1.410,999.0E-3
663.3E-3,1.409,998.8E-3
664.2E-3,1.405,999.0E-3
665.0E-3,1.400,998.8E-3
665.8E-3,1.395,998.9E-3
666.7E-3,1.391,998.8E-3
667.5E-3,1.390,998.9E-3
668.3E-3,1.391,998.8E-3
669.2E-3,1.395,998.9E-3
670.0E-3,1.400,998.8E-3
670.8E-3,1.405,999.0E-3
671.7E-3,1.409,998.8E-3
672.5E-3,1.410,999.0E-3
673.3E-3,1.409,998.8E-3
674.2E-3,1.405,999.0E-3
675.0E-3,1.400,998.8E-3
675.8E-3,1.395,998.9E-3
676.7E-3,1.391,998.8E-3
677.5E-3,1.390,998.9E-3
678.3E-3,1.391,998.8E-3
679.2E-3,1.395,998.9E-3
680.0E-3,1.400,998.8E-3
680.8E-3,1.405,999.0E-3
681.7E-3,1.409,998.8E-3
682.5E-3,1.410,999.0E-3
683.3E-3,1.409,998.8E-3
684.2E-3,1.405,999.0E-3
685.0E-3,1.400,998.8E-3
685.8E-3,1.395,998.9E-3
686.7E-3,1.391,998.8E-3
687.5E-3,1.390,998.9E-3
688.3E-3,1.391,998.8E-3
689.2E-3,1.395,998.9E-3
690.0E-3,1.400,998.8E-3
690.8E-3,1.405,999.0E-3
691.7E-3,1.409,998.8E-3
692.5E-3,1.410,999.0E-3
693.3E-3,1.409,998.8E-3
694.2E-3,1.405,999.0E-3
695.0E-3,1.400,998.8E-3
695.8E-3,1.395,998.9E-3
696.7E-3,1.391,998.8E-3
697.5E-3,1.390,998.9E-3
698.3E-3,1.391,998.8E-3
699.2E-3,1.395,998.9E-3
700.0E-3,1.400,998.8E-3
700.8E-3,1.405,999.0E-3
701.7E-3,1.409,998.8E-3
702.5E-3,1.410,999.0E-3
703.3E-3,1.409,998.8E-3
704.2E-3,1.405,999.0E-3
705.0E-3,1.400,998.8E-3
705.8E-3,1.395,998.9E-3
706.7E-3,1.391,998.8E-3
707.5E-3,1.390,998.9E-3
708.3E-3,1.391,998.8E-3
709.2E-3,1.395,998.9E-3
710.0E-3,1.400,998.8E-3
710.8E-3,1.405,999.0E-3
711.7E-3,1.409,998.8E-3
712.5E-3,1.410,999.0E-3
713.3E-3,1.409,998.8E-3
714.2E-3,1.405,999.0E-3
715.0E-3,1.400,998.8E-3
715.8E-3,1.395,998.9E-3
716.7E-3,1.391,998.8E-3
717.5E-3,1.390,998.9E-3
718.3E-3,1.391,998.8E-3
719.2E-3,1.395,998.9E-3
720.0E-3,1.400,998.8E-3
720.8E-3,1.405,999.0E-3
721.7E-3,1.409,998.8E-3
722.5E-3,1.410,999.0E-3
723.3E-3,1.409,998.8E-3
724.2E-3,1.405,999.0E-3
725.0E-3,1.400,998.8E-3
725.8E-3,1.395,998.9E-3
726.7E-3,1.391,998.8E-3
727.5E-3,1.390,998.9E-3
728.3E-3,1.391,998.8E-3
729.2E-3,1.395,998.9E-3
730.0E-3,1.400,998.8E-3
730.8E-3,1.405,999.0E-3
731.7E-3,1.409,998.8E-3
732.5E-3,1.410,999.0E-3
733.3E-3,1.409,998.8E-3
734.2E-3,1.405,999.0E-3
735.0E-3,1.400,998.8E-3
735.8E-3,1.395,998.9E-3
736.7E-3,1.391,998.8E-3
737.5E-3,1.390,998.9E-3
738.3E-3,1.391,998.8E-3
739.2E-3,1.395,998.9E-3
740.0E-3,1.400,998.8E-3
740.8E-3,1.405,999.0E-3
741.7E-3,1.409,998.8E-3
742.5E-3,1.410,999.0E-3
743.3E-3,1.409,998.8E-3
744.2E-3,1.405,999.0E-3
745.0E-3,1.400,998.8E-3
745.8E-3,1.395,998.9E-3
746.7E-3,1.391,998.8E-3
747.5E-3,1.390,998.9E-3
748.3E-3,1.391,998.8E-3
749.2E-3,1.395,998.9E-3
750.0E-3,1.400,998.8E-3
750.8E-3,1.405,999.0E-3
751.7E-3,1.409,998.8E-3
752.5E-3,1.410,999.0E-3
753.3E-3,1.409,998.8E-3
754.2E-3,1.405,999.0E-3
755.0E-3,1.400,998.8E-3
755.8E-3,1.395,998.9E-3
756.7E-3,1.391,998.8E-3
757.5E-3,1.390,998.9E-3
758.3E-3,1.391,998.8E-3
759.2E-3,1.395,998.9E-3
760.0E-3,1.400,998.8E-3
760.8E-3,1.405,999.0E-3
761.7E-3,1.409,998.8E-3
762.5E-3,1.410,999.0E-3
763.3E-3,1.409,998.8E-3
764.2E-3,1.405,999.0E-3
765.0E-3,1.400,998.8E-3
765.8E-3,1.395,998.9E-3
766.7E-3,1.391,998.8E-3
767.5E-3,1.390,998.9E-3
768.3E-3,1.391,998.9E-3
769.2E-3,1.395,998.9E-3
770.0E-3,1.400,998.9E-3
770.8E-3,1.405,998.9E-3
771.7E-3,1.409,998.9E-3
772.5E-3,1.410,998.9E-3
773.3E-3,1.409,998.9E-3
774.2E-3,1.405,998.9E-3
775.0E-3,1.400,998.9E-3
775.8E-3,1.395,998.9E-3
776.7E-3,1.391,998.8E-3
777.5E-3,1.390,998.9E-3
778.3E-3,1.391,998.8E-3
779.2E-3,1.395,998.9E-3
780.0E-3,1.400,998.9E-3
780.8E-3,1.405,998.9E-3
781.7E-3,1.409,998.9E-3
782.5E-3,1.410,998.9E-3
783.3E-3,1.409,998.9E-3
784.2E-3,1.405,998.9E-3
785.0E-3,1.400,998.9E-3
785.8E-3,1.395,998.9E-3
786.7E-3,1.391,998.8E-3
787.5E-3,1.390,998.9E-3
788.3E-3,1.391,998.8E-3
789.2E-3,1.395,998.9E-3
790.0E-3,1.400,998.9E-3
790.8E-3,1.405,998.9E-3
791.7E-3,1.409,998.9E-3
792.5E-3,1.410,998.9E-3
793.3E-3,1.409,998.9E-3
794.2E-3,1.405,998.9E-3
795.0E-3,1.400,998.9E-3
795.8E-3,1.395,998.9E-3
796.7E-3,1.391,998.8E-3
797.5E-3,1.390,998.9E-3
798.3E-3,1.391,998.8E-3
799.2E-3,1.395,998.9E-3
800.0E-3,1.400,998.9E-3
800.8E-3,1.405,998.9E-3
801.7E-3,1.409,998.9E-3
802.5E-3,1.410,998.9E-3
803.3E-3,1.409,998.9E-3
804.2E-3,1.405,998.9E-3
805.0E-3,1.400,998.9E-3
805.8E-3,1.395,998.9E-3
806.7E-3,1.391,998.9E-3
807.5E-3,1.390,998.9E-3
808.3E-3,1.391,998.9E-3
809.2E-3,1.395,998.9E-3
810.0E-3,1.400,998.9E-3
810.8E-3,1.405,998.9E-3
811.7E-3,1.409,998.9E-3
812.5E-3,1.410,998.9E-3
813.3E-3,1.409,998.9E-3
814.2E-3,1.405,998.9E-3
815.0E-3,1.400,998.9E-3
815.8E-3,1.395,998.9E-3
816.7E-3,1.391,998.9E-3
817.5E-3,1.390,998.9E-3
818.3E-3,1.391,998.9E-3
819.2E-3,1.395,998.9E-3
820.0E-3,1.400,998.9E-3
820.8E-3,1.405,998.9E-3
821.7E-3,1.409,998.9E-3
822.5E-3,1.410,998.9E-3
823.3E-3,1.409,998.9E-3
824.2E-3,1.405,998.9E-3
825.0E-3,1.400,998.9E-3
825.8E-3,1.395,998.9E-3
826.7E-3,1.391,998.9E-3
827.5E-3,1.390,998.9E-3
828.3E-3,1.391,998.9E-3
829.2E-3,1.395,998.9E-3
830.0E-3,1.400,998.9E-3
830.8E-3,1.405,998.9E-3
831.7E-3,1.409,998.9E-3
832.5E-3,1.410,998.9E-3
833.3E-3,1.409,998.9E-3
834.2E-3,1.405,998.9E-3
835.0E-3,1.400,998.9E-3
835.8E-3,1.395,998.9E-3
836.7E-3,1.391,998.9E-3
837.5E-3,1.390,998.9E-3
838.3E-3,1.391,998.9E-3
839.2E-3,1.395,998.9E-3
840.0E-3,1.400,998.9E-3
840.8E-3,1.405,998.9E-3
841.7E-3,1.409,998.9E-3
842.5E-3,1.410,998.9E-3
843.3E-3,1.409,998.9E-3
844.2E-3,1.405,998.9E-3
845.0E-3,1.400,998.9E-3
845.8E-3,1.395,998.9E-3
846.7E-3,1.391,998.9E-3
847.5E-3,1.390,998.9E-3
848.3E-3,1.391,998.9E-3
849.2E-3,1.395,998.9E-3
850.0E-3,1.400,998.9E-3
850.8E-3,1.405,998.9E-3
851.7E-3,1.409,998.9E-3
852.5E-3,1.410,998.9E-3
853.3E-3,1.409,998.9E-3
854.2E-3,1.405,998.9E-3
855.0E-3,1.400,998.9E-3
855.8E-3,1.395,998.9E-3
856.7E-3,1.391,998.9E-3
857.5E-3,1.390,998.9E-3
858.3E-3,1.391,998.9E-3
859.2E-3,1.395,998.9E-3
860.0E-3,1.400,998.9E-3
860.8E-3,1.405,998.9E-3
861.7E-3,1.409,998.9E-3
862.5E-3,1.410,998.9E-3
863.3E-3,1.409,998.9E-3
864.2E-3,1.405,998.9E-3
865.0E-3,1.400,998.9E-3
865.8E-3,1.395,998.9E-3
866.7E-3,1.391,998.9E-3
867.5E-3,1.390,998.9E-3
868.3E-3,1.391,998.9E-3
869.2E-3,1.395,998.9E-3
870.0E-3,1.400,998.9E-3
870.8E-3,1.405,998.9E-3
871.7E-3,1.409,998.9E-3
872.5E-3,1.410,998.9E-3
873.3E-3,1.409,998.9E-3
874.2E-3,1.405,998.9E-3
875.0E-3,1.400,998.9E-3
875.8E-3,1.395,998.9E-3
876.7E-3,1.391,998.9E-3
877.5E-3,1.390,998.9E-3
878.3E-3,1.391,998.9E-3
879.2E-3,1.395,998.9E-3
880.0E-3,1.400,998.9E-3
880.8E-3,1.405,998.9E-3
881.7E-3,1.409,998.9E-3
882.5E-3,1.410,998.9E-3
883.3E-3,1.409,998.9E-3
884.2E-3,1.405,998.9E-3
885.0E-3,1.400,998.9E-3
885.8E-3,1.395,998.9E-3
886.7E-3,1.391,998.9E-3
887.5E-3,1.390,998.9E-3
888.3E-3,1.391,998.9E-3
889.2E-3,1.395,998.9E-3
890.0E-3,1.400,998.9E-3
890.8E-3,1.405,998.9E-3
891.7E-3,1.409,998.9E-3
892.5E-3,1.410,998.9E-3
893.3E-3,1.409,998.9E-3
894.2E-3,1.405,998.9E-3
895.0E-3,1.400,998.9E-3
895.8E-3,1.395,998.9E-3
896.7E-3,1.391,998.9E-3
897.5E-3,1.390,998.9E-3
898.3E-3,1.391,998.9E-3
899.2E-3,1.395,998.9E-3
900.0E-3,1.400,998.9E-3
900.8E-3,1.405,998.9E-3
901.7E-3,1.409,998.9E-3
902.5E-3,1.410,998.9E-3
903.3E-3,1.409,998.9E-3
904.2E-3,1.405,998.9E-3
905.0E-3,1.400,998.9E-3
905.8E-3,1.395,998.9E-3
906.7E-3,1.391,998.9E-3
907.5E-3,1.390,998.9E-3
908.3E-3,1.391,998.9E-3
909.2E-3,1.395,998.9E-3
910.0E-3,1.400,998.9E-3
910.8E-3,1.405,998.9E-3
911.7E-3,1.409,998.9E-3
912.5E-3,1.410,998.9E-3
913.3E-3,1.409,998.9E-3
914.2E-3,1.405,998.9E-3
915.0E-3,1.400,998.9E-3
915.8E-3,1.395,998.9E-3
916.7E-3,1.391,998.9E-3
917.5E-3,1.390,998.9E-3
918.3E-3,1.391,998.9E-3
919.2E-3,1.395,998.9E-3
920.0E-3,1.400,998.9E-3
920.8E-3,1.405,998.9E-3
921.7E-3,1.409,998.9E-3
922.5E-3,1.410,998.9E-3
923.3E-3,1.409,998.9E-3
924.2E-3,1.405,998.9E-3
925.0E-3,1.400,998.9E-3
925.8E-3,1.395,998.9E-3
926.7E-3,1.391,998.9E-3
927.5E-3,1.390,998.9E-3
928.3E-3,1.391,998.9E-3
929.2E-3,1.395,998.9E-3
930.0E-3,1.400,998.9E-3
930.8E-3,1.405,998.9E-3
931.7E-3,1.409,998.9E-3
932.5E-3,1.410,998.9E-3
933.3E-3,1.409,998.9E-3
934.2E-3,1.405,998.9E-3
935.0E-3,1.400,998.9E-3
935.8E-3,1.395,998.9E-3
936.7E-3,1.391,998.9E-3
937.5E-3,1.390,998.8E-3
938.3E-3,1.391,998.9E-3
939.2E-3,1.395,998.9E-3
940.0E-3,1.400,998.9E-3
940.8E-3,1.405,998.9E-3
941.7E-3,1.409,998.9E-3
942.5E-3,1.410,998.9E-3
943.3E-3,1.409,998.9E-3
944.2E-3,1.405,998.9E-3
945.0E-3,1.400,998.9E-3
945.8E-3,1.395,998.9E-3
946.7E-3,1.391,998.9E-3
947.5E-3,1.390,998.8E-3
948.3E-3,1.391,998.9E-3
949.2E-3,1.395,998.9E-3
950.0E-3,1.400,998.9E-3
950.8E-3,1.405,998.9E-3
951.7E-3,1.409,998.9E-3
952.5E-3,1.410,998.9E-3
953.3E-3,1.409,998.9E-3
954.2E-3,1.405,998.9E-3
955.0E-3,1.400,998.9E-3
955.8E-3,1.395,998.9E-3
956.7E-3,1.391,998.9E-3
957.5E-3,1.390,998.9E-3
958.3E-3,1.391,998.9E-3
959.2E-3,1.395,998.9E-3
960.0E-3,1.400,998.9E-3
960.8E-3,1.405,998.9E-3
961.7E-3,1.409,998.9E-3
962.5E-3,1.410,998.9E-3
963.3E-3,1.409,998.9E-3
964.2E-3,1.405,998.9E-3
965.0E-3,1.400,998.9E-3
965.8E-3,1.395,998.9E-3
966.7E-3,1.391,998.9E-3
967.5E-3,1.390,998.9E-3
968.3E-3,1.391,998.9E-3
969.2E-3,1.395,998.9E-3
970.0E-3,1.400,998.9E-3
970.8E-3,1.405,998.9E-3
971.7E-3,1.409,998.9E-3
972.5E-3,1.410,998.9E-3
973.3E-3,1.409,998.9E-3
974.2E-3,1.405,998.9E-3
975.0E-3,1.400,998.9E-3
975.8E-3,1.395,998.9E-3
976.7E-3,1.391,998.9E-3
977.5E-3,1.390,998.9E-3
978.3E-3,1.391,998.9E-3
979.2E-3,1.395,998.9E-3
980.0E-3,1.400,998.9E-3
980.8E-3,1.405,998.9E-3
981.7E-3,1.409,998.9E-3
982.5E-3,1.410,998.9E-3
983.3E-3,1.409,998.9E-3
984.2E-3,1.405,998.9E-3
985.0E-3,1.400,998.9E-3
985.8E-3,1.395,998.9E-3
986.7E-3,1.391,998.9E-3
987.5E-3,1.390,998.9E-3
988.3E-3,1.391,998.9E-3
989.2E-3,1.395,998.9E-3
990.0E-3,1.400,998.9E-3
990.8E-3,1.405,998.9E-3
991.7E-3,1.409,998.9E-3
992.5E-3,1.410,998.9E-3
993.3E-3,1.409,998.9E-3
994.2E-3,1.405,998.9E-3
995.0E-3,1.400,998.9E-3
995.8E-3,1.395,998.9E-3
996.7E-3,1.391,998.9E-3
997.5E-3,1.390,998.8E-3
998.3E-3,1.391,998.9E-3
999.2E-3,1.395,998.9E-3
1.000,1.400,998.9E-3
